"file","lhs","op","rhs","beta","se","z","pval","level"
"data1","V1","~","V1lag",-0.879535485367002,0.0125379119081263,-70.1500769675168,0,"group"
"data1","V2","~","V2lag",0.700122555545536,0.00420152629149454,166.635290837724,0,"group"
"data1","V3","~","V3lag",0.978268892963228,0.0109532646560696,89.3129969630686,0,"group"
"data1","V4","~","V4lag",-0.854973996011361,0.00894011032539098,-95.6334949897803,0,"group"
"data1","V5","~","V5lag",-0.502124366619048,0.00708069305340728,-70.9145789588241,0,"group"
"data1","V6","~","V6lag",-0.588363922495125,0.00541782329776966,-108.597842741998,0,"group"
"data1","V7","~","V7lag",-0.681824129693589,0.0091397815537178,-74.5996089388201,0,"group"
"data1","V8","~","V8lag",-0.618606289039235,0.00873118322747041,-70.8502241818669,0,"group"
"data1","V3","~","V4lag",-0.873275009099323,0.0109944967876765,-79.4283745735559,0,"group"
"data1","V1","~","V2lag",1.32769742540314,0.0121981081481121,108.844536323334,0,"group"
"data1","V2","~","V3lag",0.457183947319412,0.00426230629827211,107.262105378196,0,"group"
"data1","V4","~","V5lag",0.652496816805469,0.00901809661865605,72.3541612379298,0,"group"
"data1","V5","~","V2lag",1.38722690645068,0.00621537258321253,223.192879892272,0,"group"
"data1","V7","~","V5lag",0.934334369536742,0.00874772179190594,106.808880273405,0,"group"
"data1","V6","~","V7lag",0.544233025309319,0.00548349285456753,99.2493360971546,0,"group"
"data1","V4","~","V6lag",0.21646915619645,0.00335007531102306,64.6162059354852,0,"group"
"data1","V3","~","V8lag",-0.108607057725355,0.00215102726870881,-50.4907861026551,0,"group"
"data10","V1","~","V1lag",-0.873802064973739,0.01238659122611,-70.5441916200343,0,"group"
"data10","V2","~","V2lag",0.700026957115914,0.00435660484141897,160.68176541068,0,"group"
"data10","V3","~","V3lag",0.975306653732067,0.0115477977793704,84.4582380438293,0,"group"
"data10","V4","~","V4lag",-0.8547483801416,0.00850111454217542,-100.545449176229,0,"group"
"data10","V5","~","V5lag",-0.498250684818666,0.00731908708358691,-68.0755235083889,0,"group"
"data10","V6","~","V6lag",-0.586208035399073,0.00541572619226487,-108.241815517989,0,"group"
"data10","V7","~","V7lag",-0.678249712557563,0.00879055946274318,-77.1566036760428,0,"group"
"data10","V8","~","V8lag",-0.598839035420939,0.00907155537541059,-66.0128291829817,0,"group"
"data10","V3","~","V4lag",-0.931559612301009,0.0114717271701249,-81.2048263078477,0,"group"
"data10","V1","~","V2lag",1.26070028712643,0.0120586231530946,104.547614692055,0,"group"
"data10","V2","~","V3lag",0.46526036399309,0.00442944876035837,105.037983091026,0,"group"
"data10","V4","~","V5lag",0.607331970908547,0.00851984722267942,71.2843734206711,0,"group"
"data10","V5","~","V2lag",1.3627416146041,0.00633236250235491,215.202716852884,0,"group"
"data10","V7","~","V5lag",0.877499962166447,0.00845223248857246,103.818720480398,0,"group"
"data10","V6","~","V7lag",0.534733027921687,0.00549453983384939,97.320802850029,0,"group"
"data10","V4","~","V6lag",0.221067048356707,0.00342987341423321,64.4534131899237,0,"group"
"data10","V3","~","V8lag",-0.112276060338105,0.00229237790008534,-48.9779893332267,0,"group"
"data11","V1","~","V1lag",-0.871014442327456,0.012315827178169,-70.7231783725751,0,"group"
"data11","V2","~","V2lag",0.69565710773083,0.00440203389118964,158.030838681896,0,"group"
"data11","V3","~","V3lag",0.97535480627436,0.0117110956932265,83.284675646403,0,"group"
"data11","V4","~","V4lag",-0.849895478762254,0.00828713398897818,-102.556019957275,0,"group"
"data11","V5","~","V5lag",-0.505652890126852,0.00742239630204122,-68.1252885928219,0,"group"
"data11","V6","~","V6lag",-0.590161085675047,0.0054031729893522,-109.224910406913,0,"group"
"data11","V7","~","V7lag",-0.681287572678372,0.00873953118221632,-77.9547047174216,0,"group"
"data11","V8","~","V8lag",-0.616107658584652,0.00877481693924192,-70.2131637446876,0,"group"
"data11","V3","~","V4lag",-0.949313957582511,0.0116113510623549,-81.7574072547231,0,"group"
"data11","V1","~","V2lag",1.24285368495098,0.0119899975901917,103.657542514244,0,"group"
"data11","V2","~","V3lag",0.471095614469709,0.00447594448844199,105.250548948093,0,"group"
"data11","V4","~","V5lag",0.591377479933997,0.00831149771919376,71.1517346107583,0,"group"
"data11","V5","~","V2lag",1.36333376655136,0.00642323012772324,212.250493823518,0,"group"
"data11","V7","~","V5lag",0.866835238739034,0.00842682361253123,102.866189990021,0,"group"
"data11","V6","~","V7lag",0.527554579959386,0.00549951254855165,95.9275163574857,0,"group"
"data11","V4","~","V6lag",0.223129845096035,0.00340428706246932,65.5437808273977,0,"group"
"data11","V3","~","V8lag",-0.121411053663158,0.00241462007003434,-50.2816385773814,0,"group"
"data12","V1","~","V1lag",-0.882061999989213,0.0125503066355104,-70.282107489985,0,"group"
"data12","V2","~","V2lag",0.694133398449203,0.00419806785560147,165.34592158224,0,"group"
"data12","V3","~","V3lag",0.976016060217724,0.0108649548089598,89.8315802853456,0,"group"
"data12","V4","~","V4lag",-0.85447737494804,0.00902791787338476,-94.6483327531288,0,"group"
"data12","V5","~","V5lag",-0.492862367122846,0.00709626397230295,-69.4537814611338,0,"group"
"data12","V6","~","V6lag",-0.579904369735424,0.00555004801637579,-104.486369852004,0,"group"
"data12","V7","~","V7lag",-0.68029246214621,0.00922788968089202,-73.7213475313728,0,"group"
"data12","V8","~","V8lag",-0.602486197564744,0.00900958628138882,-66.8716829771978,0,"group"
"data12","V3","~","V4lag",-0.861649488106787,0.0108673036312129,-79.2882500891912,0,"group"
"data12","V1","~","V2lag",1.29909399772009,0.012212231921883,106.376459768362,0,"group"
"data12","V2","~","V3lag",0.460833356241433,0.00426007671532527,108.174896142979,0,"group"
"data12","V4","~","V5lag",0.661713529683297,0.00912965277058869,72.4795943844674,0,"group"
"data12","V5","~","V2lag",1.37777811074188,0.00619258347739908,222.488419537713,0,"group"
"data12","V7","~","V5lag",0.947570229097865,0.00879278234284993,107.766824214454,0,"group"
"data12","V6","~","V7lag",0.553057172631696,0.00559301071851591,98.883624664043,0,"group"
"data12","V4","~","V6lag",0.220792035303141,0.00341192732490806,64.71182246213,0,"group"
"data12","V3","~","V8lag",-0.107584444939396,0.00217761842353397,-49.4046357142782,0,"group"
"data13","V1","~","V1lag",-0.885190117917118,0.0126124306772437,-70.183943172369,0,"group"
"data13","V2","~","V2lag",0.699613291564629,0.00414555168552516,168.762409598567,0,"group"
"data13","V3","~","V3lag",0.976026291363326,0.0106713177654996,91.4625834232793,0,"group"
"data13","V4","~","V4lag",-0.854955962584101,0.00917417938074595,-93.1915463064103,0,"group"
"data13","V5","~","V5lag",-0.490664653308332,0.00700678336298459,-70.0270905905859,0,"group"
"data13","V6","~","V6lag",-0.588462748869444,0.00548173780086961,-107.349670897446,0,"group"
"data13","V7","~","V7lag",-0.680173357840339,0.0093407802014767,-72.8176172834908,0,"group"
"data13","V8","~","V8lag",-0.614105958013671,0.0088096460227488,-69.708357909942,0,"group"
"data13","V3","~","V4lag",-0.839909640532714,0.0106508037100406,-78.8588038422792,0,"group"
"data13","V1","~","V2lag",1.34113113984298,0.0122846072473208,109.17167418075,0,"group"
"data13","V2","~","V3lag",0.454726698856691,0.0042018359751678,108.220954255248,0,"group"
"data13","V4","~","V5lag",0.67885072445527,0.00929532740161651,73.0313947131345,0,"group"
"data13","V5","~","V2lag",1.38547372911262,0.00614316444914191,225.530952424064,0,"group"
"data13","V7","~","V5lag",0.973354853008174,0.00889245604931004,109.458494662304,0,"group"
"data13","V6","~","V7lag",0.551891842343655,0.00553699029659935,99.6736155890702,0,"group"
"data13","V4","~","V6lag",0.215769951243593,0.00331177178834319,65.1524214328604,0,"group"
"data13","V3","~","V8lag",-0.104413083653845,0.0020508301130353,-50.9125953389238,0,"group"
"data14","V1","~","V1lag",-0.881137996773042,0.0125620796167282,-70.142685260463,0,"group"
"data14","V2","~","V2lag",0.702289503117284,0.00412721384740082,170.1606771744,0,"group"
"data14","V3","~","V3lag",0.976420097375884,0.0106598140468101,91.5982298648144,0,"group"
"data14","V4","~","V4lag",-0.855809478679609,0.00915036644069675,-93.527344967667,0,"group"
"data14","V5","~","V5lag",-0.490931504000554,0.00700857441147322,-70.0472699835912,0,"group"
"data14","V6","~","V6lag",-0.586914974252769,0.00557819528209249,-105.215924608614,0,"group"
"data14","V7","~","V7lag",-0.679260675050963,0.00939935194539041,-72.2667561548308,0,"group"
"data14","V8","~","V8lag",-0.626960472168058,0.00858400867989391,-73.0381917758972,0,"group"
"data14","V3","~","V4lag",-0.838418255794631,0.0106462898639421,-78.7521537088959,0,"group"
"data14","V1","~","V2lag",1.34924010807698,0.0122182108782218,110.428615246928,0,"group"
"data14","V2","~","V3lag",0.451266931812596,0.00418467023170543,107.838110729381,0,"group"
"data14","V4","~","V5lag",0.678602147548529,0.00927011163405415,73.2032336110879,0,"group"
"data14","V5","~","V2lag",1.38934486384288,0.00615413389757473,225.757984302293,0,"group"
"data14","V7","~","V5lag",0.983321496380039,0.0089208295852869,110.227584439213,0,"group"
"data14","V6","~","V7lag",0.555255914957016,0.00562875970064125,98.6462283855819,0,"group"
"data14","V4","~","V6lag",0.214125273788008,0.00326490807986316,65.5838598056283,0,"group"
"data14","V3","~","V8lag",-0.10500650095638,0.00209438040876935,-50.1372627993986,0,"group"
"data15","V1","~","V1lag",-0.876575602139419,0.0122908668415973,-71.3192660401078,0,"group"
"data15","V2","~","V2lag",0.699037633754859,0.00449080339370555,155.659816845835,0,"group"
"data15","V3","~","V3lag",0.976518124024962,0.0121660630610011,80.265745716479,0,"group"
"data15","V4","~","V4lag",-0.852834366954259,0.00791710128121056,-107.720532637149,0,"group"
"data15","V5","~","V5lag",-0.503132269496433,0.00747418438612184,-67.316009815152,0,"group"
"data15","V6","~","V6lag",-0.58944083986839,0.00525577331941584,-112.151115363153,0,"group"
"data15","V7","~","V7lag",-0.687855809895822,0.00850110691558597,-80.9136759160979,0,"group"
"data15","V8","~","V8lag",-0.632470472490994,0.00848586074333499,-74.5322709882733,0,"group"
"data15","V3","~","V4lag",-1.00721806787756,0.012099072302902,-83.2475451556707,0,"group"
"data15","V1","~","V2lag",1.21331084969219,0.0120092883268926,101.031036699752,0,"group"
"data15","V2","~","V3lag",0.47542963907385,0.00456365835315554,104.177307388735,0,"group"
"data15","V4","~","V5lag",0.553738423024827,0.00786367279390085,70.4172767023461,0,"group"
"data15","V5","~","V2lag",1.3491304617998,0.0064401737590921,209.486655526201,0,"group"
"data15","V7","~","V5lag",0.829437048378945,0.00827299352334149,100.258394502397,0,"group"
"data15","V6","~","V7lag",0.519814637346828,0.00535516826207053,97.0678439795365,0,"group"
"data15","V4","~","V6lag",0.22127395790754,0.00333774001361557,66.2945457120394,0,"group"
"data15","V3","~","V8lag",-0.123537285833454,0.00246429935730916,-50.1307949730378,0,"group"
"data16","V1","~","V1lag",-0.881983562806083,0.0125035069025313,-70.5388951820811,0,"group"
"data16","V2","~","V2lag",0.699663280740375,0.00425312603875906,164.505654044646,0,"group"
"data16","V3","~","V3lag",0.977932080911841,0.0113152041293074,86.4263754976291,0,"group"
"data16","V4","~","V4lag",-0.853885543012438,0.00854555352886647,-99.9216189013448,0,"group"
"data16","V5","~","V5lag",-0.490482111892718,0.00734454033693393,-66.7818664465904,0,"group"
"data16","V6","~","V6lag",-0.589430222091631,0.00546290576115024,-107.896831441501,0,"group"
"data16","V7","~","V7lag",-0.682966015863474,0.00904927137184622,-75.4719344574298,0,"group"
"data16","V8","~","V8lag",-0.620371044608096,0.00870025805894918,-71.3049015793245,0,"group"
"data16","V3","~","V4lag",-0.908237816396747,0.0113175946246313,-80.2500749072672,0,"group"
"data16","V1","~","V2lag",1.27165241282717,0.0121864672750556,104.349553002133,0,"group"
"data16","V2","~","V3lag",0.458998120422092,0.00432277366756376,106.18139086629,0,"group"
"data16","V4","~","V5lag",0.618909150839073,0.00861114264684051,71.8730575281034,0,"group"
"data16","V5","~","V2lag",1.36944206645488,0.00633832587791499,216.057377426192,0,"group"
"data16","V7","~","V5lag",0.909712638860188,0.00866037140563987,105.043143792627,0,"group"
"data16","V6","~","V7lag",0.535201471527087,0.00554803395290371,96.4668702589636,0,"group"
"data16","V4","~","V6lag",0.221102358083343,0.00330892096688973,66.8200782961497,0,"group"
"data16","V3","~","V8lag",-0.11461215991151,0.00229972315086464,-49.8373727587248,0,"group"
"data17","V1","~","V1lag",-0.876038729399445,0.0125047342243089,-70.0565652724105,0,"group"
"data17","V2","~","V2lag",0.6971831119786,0.00414711675678453,168.112728159397,0,"group"
"data17","V3","~","V3lag",0.979375851886284,0.0107421341151758,91.1714414831862,0,"group"
"data17","V4","~","V4lag",-0.855194998793255,0.00915057778502528,-93.4580328023399,0,"group"
"data17","V5","~","V5lag",-0.496779930347001,0.00709018138519415,-70.0658986502639,0,"group"
"data17","V6","~","V6lag",-0.583279608073304,0.00556533568000244,-104.805826927775,0,"group"
"data17","V7","~","V7lag",-0.680940542767206,0.00929874829683707,-73.2292692553927,0,"group"
"data17","V8","~","V8lag",-0.599159412452255,0.00906612690136608,-66.08769312086,0,"group"
"data17","V3","~","V4lag",-0.843017797916937,0.0106995475109747,-78.7900420136684,0,"group"
"data17","V1","~","V2lag",1.35969886401408,0.0121150719331811,112.2320091464,0,"group"
"data17","V2","~","V3lag",0.455407829989445,0.00420819771808241,108.219209385667,0,"group"
"data17","V4","~","V5lag",0.676516525742669,0.00927549243133249,72.9359148046313,0,"group"
"data17","V5","~","V2lag",1.38755663177574,0.00621223302231389,223.358754700885,0,"group"
"data17","V7","~","V5lag",0.959854273332289,0.00884968317797814,108.461992822616,0,"group"
"data17","V6","~","V7lag",0.550176867025497,0.00561897348304762,97.9141241163309,0,"group"
"data17","V4","~","V6lag",0.216346292554051,0.00339838471171063,63.6615071297062,0,"group"
"data17","V3","~","V8lag",-0.105914358963394,0.00211901791347711,-49.9827577151524,0,"group"
"data18","V1","~","V1lag",-0.873561923878263,0.0123746283693396,-70.592982496563,0,"group"
"data18","V2","~","V2lag",0.701464419146732,0.00436281184188753,160.782643067928,0,"group"
"data18","V3","~","V3lag",0.975699696681316,0.011694452967966,83.4326923502962,0,"group"
"data18","V4","~","V4lag",-0.8528430262628,0.00832499615851289,-102.443654029883,0,"group"
"data18","V5","~","V5lag",-0.499942873284579,0.00722941595341726,-69.1539782059798,0,"group"
"data18","V6","~","V6lag",-0.587837673531067,0.00528373729277903,-111.254144738503,0,"group"
"data18","V7","~","V7lag",-0.690726849935633,0.00884143145556886,-78.1238709372759,0,"group"
"data18","V8","~","V8lag",-0.639537145142687,0.00835872655791209,-76.51131314223,0,"group"
"data18","V3","~","V4lag",-0.946493402146514,0.0115973743003833,-81.6127321263774,0,"group"
"data18","V1","~","V2lag",1.26062819753834,0.0120724416544503,104.421974743911,0,"group"
"data18","V2","~","V3lag",0.466207999276281,0.00442936338482264,105.253951589016,0,"group"
"data18","V4","~","V5lag",0.594632953893727,0.00834502368709401,71.2559935346086,0,"group"
"data18","V5","~","V2lag",1.36826553230974,0.00628815529567468,217.594106375029,0,"group"
"data18","V7","~","V5lag",0.87848680280116,0.00856032156964972,102.623107748171,0,"group"
"data18","V6","~","V7lag",0.530188096904897,0.00536575971718196,98.8095115789766,0,"group"
"data18","V4","~","V6lag",0.22148866330991,0.00330356593487072,67.0453284954878,0,"group"
"data18","V3","~","V8lag",-0.112965985817972,0.00225604634128666,-50.0725467161927,0,"group"
"data19","V1","~","V1lag",-0.883643242553834,0.0124008110420976,-71.2568911464009,0,"group"
"data19","V2","~","V2lag",0.697641830454068,0.0043484736583765,160.433725776445,0,"group"
"data19","V3","~","V3lag",0.974802628822603,0.0115410345642551,84.4640593869949,0,"group"
"data19","V4","~","V4lag",-0.859015323500526,0.00845311795331649,-101.621121134776,0,"group"
"data19","V5","~","V5lag",-0.48521231358118,0.00728504820672065,-66.603857629049,0,"group"
"data19","V6","~","V6lag",-0.591177458577534,0.00543361594321958,-108.800008089501,0,"group"
"data19","V7","~","V7lag",-0.682675432509612,0.00887042398435858,-76.9608570811709,0,"group"
"data19","V8","~","V8lag",-0.601992021372778,0.00901800504782303,-66.7544560221887,0,"group"
"data19","V3","~","V4lag",-0.935648240232247,0.011515785903625,-81.2491868173513,0,"group"
"data19","V1","~","V2lag",1.22353768966435,0.0121240049403686,100.918606985255,0,"group"
"data19","V2","~","V3lag",0.466307888235459,0.00442118030607535,105.471357409849,0,"group"
"data19","V4","~","V5lag",0.602980581738639,0.00846996731471146,71.1904260470195,0,"group"
"data19","V5","~","V2lag",1.35557132707766,0.00626267838197182,216.452329881717,0,"group"
"data19","V7","~","V5lag",0.881511331713421,0.00852416421374351,103.413227339304,0,"group"
"data19","V6","~","V7lag",0.530402897599176,0.00552824183901641,95.9442283902591,0,"group"
"data19","V4","~","V6lag",0.219546237198312,0.00339857259506261,64.5995432074232,0,"group"
"data19","V3","~","V8lag",-0.117099920233049,0.00239927807534519,-48.8063144644882,0,"group"
"data2","V1","~","V1lag",-0.878026473628963,0.0123716291245073,-70.9709662965614,0,"group"
"data2","V2","~","V2lag",0.69557834450797,0.00439015085792264,158.440647489984,0,"group"
"data2","V3","~","V3lag",0.975349833843074,0.0117007051692751,83.3582095893026,0,"group"
"data2","V4","~","V4lag",-0.851019442696096,0.00830534336894504,-102.466497156299,0,"group"
"data2","V5","~","V5lag",-0.500740400382185,0.00739650503445027,-67.6995956941713,0,"group"
"data2","V6","~","V6lag",-0.583381925354887,0.00531693318915581,-109.721507606063,0,"group"
"data2","V7","~","V7lag",-0.68265701258033,0.00873949323437877,-78.1117387785076,0,"group"
"data2","V8","~","V8lag",-0.629133414820318,0.0085454054004393,-73.6224187547586,0,"group"
"data2","V3","~","V4lag",-0.954295890332453,0.011685114595532,-81.6676535373769,0,"group"
"data2","V1","~","V2lag",1.23572302737138,0.0120797181818564,102.297339123973,0,"group"
"data2","V2","~","V3lag",0.471604306012516,0.00445885760186024,105.767967520596,0,"group"
"data2","V4","~","V5lag",0.589997409668065,0.00830626053906056,71.0304482857931,0,"group"
"data2","V5","~","V2lag",1.35883815966333,0.00638581893273555,212.789960688915,0,"group"
"data2","V7","~","V5lag",0.867646515065836,0.00843745963803764,102.832671477837,0,"group"
"data2","V6","~","V7lag",0.532449652260122,0.00539084417648531,98.7692529831691,0,"group"
"data2","V4","~","V6lag",0.223445742886479,0.00338280541403824,66.0533833720395,0,"group"
"data2","V3","~","V8lag",-0.119815912596396,0.00236859171313365,-50.5852958667491,0,"group"
"data20","V1","~","V1lag",-0.874165485037595,0.0123798305251028,-70.6120720526047,0,"group"
"data20","V2","~","V2lag",0.697819010680797,0.00432240771901523,161.442199820932,0,"group"
"data20","V3","~","V3lag",0.974041968716709,0.0113216261365144,86.0337514215595,0,"group"
"data20","V4","~","V4lag",-0.860242025912761,0.0086702647376761,-99.2175039563247,0,"group"
"data20","V5","~","V5lag",-0.483159368593682,0.00729422497593581,-66.2386161912555,0,"group"
"data20","V6","~","V6lag",-0.588034541423809,0.00547386062572345,-107.425925070223,0,"group"
"data20","V7","~","V7lag",-0.689436980855914,0.00903632674115882,-76.2961544667984,0,"group"
"data20","V8","~","V8lag",-0.599383300122195,0.00906233165628699,-66.1400755186854,0,"group"
"data20","V3","~","V4lag",-0.909060059229294,0.0112787301888099,-80.5995040231752,0,"group"
"data20","V1","~","V2lag",1.25487188843474,0.0120520609076191,104.120938157675,0,"group"
"data20","V2","~","V3lag",0.465449446424156,0.00439061523248519,106.010074164641,0,"group"
"data20","V4","~","V5lag",0.625640119039439,0.0087253682583256,71.7035774899775,0,"group"
"data20","V5","~","V2lag",1.35901634058617,0.00627070030143761,216.724811465572,0,"group"
"data20","V7","~","V5lag",0.895798892514235,0.00866924285583871,103.330695357198,0,"group"
"data20","V6","~","V7lag",0.537268154375604,0.00555380004429309,96.738836488664,0,"group"
"data20","V4","~","V6lag",0.218672600084695,0.00338580274287008,64.5851565172194,0,"group"
"data20","V3","~","V8lag",-0.118261138474743,0.00237268216711652,-49.8428066404125,0,"group"
"data21","V1","~","V1lag",-0.881732580027455,0.0122618713477654,-71.9084840331605,0,"group"
"data21","V2","~","V2lag",0.694754297971103,0.00446168370653689,155.715721612719,0,"group"
"data21","V3","~","V3lag",0.976570010421929,0.0119997252189747,81.3826977369211,0,"group"
"data21","V4","~","V4lag",-0.852095682801137,0.00803336558119865,-106.069576217892,0,"group"
"data21","V5","~","V5lag",-0.499848017114243,0.00758439540279624,-65.9047940630782,0,"group"
"data21","V6","~","V6lag",-0.591637030354552,0.0054034807106988,-109.491837212099,0,"group"
"data21","V7","~","V7lag",-0.670685671689017,0.00856492458523933,-78.3060802245553,0,"group"
"data21","V8","~","V8lag",-0.613961421089268,0.00881215621967536,-69.6720990622527,0,"group"
"data21","V3","~","V4lag",-0.984402311648888,0.0119068766630922,-82.6751077971808,0,"group"
"data21","V1","~","V2lag",1.1885104160476,0.0120058737684504,98.994078979143,0,"group"
"data21","V2","~","V3lag",0.475717261727258,0.00453633158393063,104.868273609545,0,"group"
"data21","V4","~","V5lag",0.566598477347809,0.00800746845733749,70.7587523280991,0,"group"
"data21","V5","~","V2lag",1.34934150772814,0.00648420259048148,208.096753440264,0,"group"
"data21","V7","~","V5lag",0.850741036666031,0.00824678628437396,103.160310856851,0,"group"
"data21","V6","~","V7lag",0.521694574292569,0.00551223909779141,94.6429509020384,0,"group"
"data21","V4","~","V6lag",0.219565143820651,0.00336661831535112,65.2183061024403,0,"group"
"data21","V3","~","V8lag",-0.1211335212905,0.00246641430690305,-49.113208981747,0,"group"
"data22","V1","~","V1lag",-0.884378680114587,0.0124460675985382,-71.0568758455448,0,"group"
"data22","V2","~","V2lag",0.69685035536343,0.00433026190737117,160.925683081021,0,"group"
"data22","V3","~","V3lag",0.978811425966981,0.0115150251691535,85.0029775522357,0,"group"
"data22","V4","~","V4lag",-0.8559782077713,0.00853643946235896,-100.273446739205,0,"group"
"data22","V5","~","V5lag",-0.495179011853682,0.0074144563230193,-66.7856131698186,0,"group"
"data22","V6","~","V6lag",-0.587193503321171,0.00537065265291503,-109.333733024507,0,"group"
"data22","V7","~","V7lag",-0.686419682986902,0.00882750392509851,-77.7592045057337,0,"group"
"data22","V8","~","V8lag",-0.614327040730663,0.00880580462561032,-69.7638735867461,0,"group"
"data22","V3","~","V4lag",-0.928618148293251,0.01149613825708,-80.7765292594104,0,"group"
"data22","V1","~","V2lag",1.23616443523351,0.0121606606657953,101.652736574626,0,"group"
"data22","V2","~","V3lag",0.465805685992394,0.00440193877602797,105.818301819433,0,"group"
"data22","V4","~","V5lag",0.612478439101605,0.00857660290951551,71.4127079874571,0,"group"
"data22","V5","~","V2lag",1.36110907369536,0.00637833925358525,213.395528143206,0,"group"
"data22","V7","~","V5lag",0.871373505002986,0.00850873897642919,102.409241535891,0,"group"
"data22","V6","~","V7lag",0.532058964298705,0.005453183993847,97.5684966615913,0,"group"
"data22","V4","~","V6lag",0.219902513953048,0.00341328268013551,64.4255206967852,0,"group"
"data22","V3","~","V8lag",-0.124875873451611,0.00242762000365337,-51.4396294575273,0,"group"
"data23","V1","~","V1lag",-0.877794174203053,0.0123331688249112,-71.1734499595949,0,"group"
"data23","V2","~","V2lag",0.698703667397657,0.00444329869464794,157.248862931331,0,"group"
"data23","V3","~","V3lag",0.978520908003753,0.0120295677733428,81.3429814304826,0,"group"
"data23","V4","~","V4lag",-0.858473694801244,0.00810769472386038,-105.883820745596,0,"group"
"data23","V5","~","V5lag",-0.506858249464144,0.00742795978660336,-68.2365365491456,0,"group"
"data23","V6","~","V6lag",-0.590214025564617,0.00518716883176151,-113.783461596754,0,"group"
"data23","V7","~","V7lag",-0.683080531929432,0.00854165681062387,-79.9704960142903,0,"group"
"data23","V8","~","V8lag",-0.615953481418556,0.0087775041616214,-70.1741030339512,0,"group"
"data23","V3","~","V4lag",-0.993390703654203,0.0120126826495874,-82.6951591606665,0,"group"
"data23","V1","~","V2lag",1.22298025551588,0.0120491674841331,101.499149806521,0,"group"
"data23","V2","~","V3lag",0.472588235121623,0.00451483781469721,104.674465510854,0,"group"
"data23","V4","~","V5lag",0.56970031949961,0.00807194431624199,70.5778307158643,0,"group"
"data23","V5","~","V2lag",1.35413776630662,0.00643486627671812,210.437592340653,0,"group"
"data23","V7","~","V5lag",0.843150616362977,0.00829343461527559,101.664829527924,0,"group"
"data23","V6","~","V7lag",0.52419722245025,0.00527655555413933,99.344585131683,0,"group"
"data23","V4","~","V6lag",0.218520144196132,0.00333206843129794,65.5809292941237,0,"group"
"data23","V3","~","V8lag",-0.118768256762459,0.00237884266207597,-49.926907170402,0,"group"
"data24","V1","~","V1lag",-0.876125567791778,0.0123790483174989,-70.7748726170892,0,"group"
"data24","V2","~","V2lag",0.696670538355804,0.00441403834694889,157.83064930493,0,"group"
"data24","V3","~","V3lag",0.978343237671334,0.0118680941167516,82.4347387244277,0,"group"
"data24","V4","~","V4lag",-0.852461254218931,0.0081784853055284,-104.232167983807,0,"group"
"data24","V5","~","V5lag",-0.504768148810274,0.00737189976221406,-68.471922447664,0,"group"
"data24","V6","~","V6lag",-0.595995163360091,0.00528292169268753,-112.815445321677,0,"group"
"data24","V7","~","V7lag",-0.692115644261915,0.0086137386245051,-80.3502026742401,0,"group"
"data24","V8","~","V8lag",-0.615137954060181,0.00879170360676677,-69.9680041063627,0,"group"
"data24","V3","~","V4lag",-0.971906640248164,0.0118506423352453,-82.0129924398776,0,"group"
"data24","V1","~","V2lag",1.24255698371269,0.0120462323336078,103.149013675096,0,"group"
"data24","V2","~","V3lag",0.471487084852724,0.00448710582520163,105.075989562055,0,"group"
"data24","V4","~","V5lag",0.5770381224824,0.00816683250334918,70.6562944992149,0,"group"
"data24","V5","~","V2lag",1.35908662287724,0.00639119620501417,212.649804399836,0,"group"
"data24","V7","~","V5lag",0.839032002210836,0.00837442104138572,100.189851700124,0,"group"
"data24","V6","~","V7lag",0.517112652815005,0.00539777050573426,95.801155730066,0,"group"
"data24","V4","~","V6lag",0.224833692210288,0.00342409733388184,65.6621790465863,0,"group"
"data24","V3","~","V8lag",-0.12184445770867,0.00242094223400436,-50.329353586902,0,"group"
"data25","V1","~","V1lag",-0.880217206426718,0.0124917338966058,-70.4639735133877,0,"group"
"data25","V2","~","V2lag",0.700529487213485,0.00428603565714338,163.444624182241,0,"group"
"data25","V3","~","V3lag",0.97592711620758,0.0113117074617275,86.2758446953806,0,"group"
"data25","V4","~","V4lag",-0.850104725416191,0.0086069223175218,-98.7698847572453,0,"group"
"data25","V5","~","V5lag",-0.499407239402228,0.00720283779768641,-69.3347890691972,0,"group"
"data25","V6","~","V6lag",-0.584885983599917,0.00540476554908699,-108.216716948753,0,"group"
"data25","V7","~","V7lag",-0.686225205119688,0.00904026774568827,-75.9076195997603,0,"group"
"data25","V8","~","V8lag",-0.600122799801231,0.00904978594901802,-66.3134800294751,0,"group"
"data25","V3","~","V4lag",-0.907794119231269,0.0112747709551418,-80.5155264655091,0,"group"
"data25","V1","~","V2lag",1.27873289366847,0.0121786506760646,104.997912139942,0,"group"
"data25","V2","~","V3lag",0.46161942749105,0.00435184019923316,106.074535451093,0,"group"
"data25","V4","~","V5lag",0.620554982311561,0.0086436821237351,71.7928972199879,0,"group"
"data25","V5","~","V2lag",1.37801638296729,0.00627747813989296,219.517512010131,0,"group"
"data25","V7","~","V5lag",0.912263710870779,0.00869128284623471,104.963067824446,0,"group"
"data25","V6","~","V7lag",0.542994701825762,0.00546720272425039,99.3185600045976,0,"group"
"data25","V4","~","V6lag",0.220440625710042,0.00337360783470003,65.3426943827461,0,"group"
"data25","V3","~","V8lag",-0.10768615048847,0.00218225105428014,-49.3463619949962,0,"group"
"data26","V1","~","V1lag",-0.880157930490499,0.0125242365851158,-70.2763736942266,0,"group"
"data26","V2","~","V2lag",0.697148065435281,0.0042674696782299,163.363331904083,0,"group"
"data26","V3","~","V3lag",0.97609955401379,0.0112051645986432,87.1115765788918,0,"group"
"data26","V4","~","V4lag",-0.849531779368603,0.00872386252229546,-97.3802346377498,0,"group"
"data26","V5","~","V5lag",-0.497210086775069,0.00717629061163375,-69.2851103283114,0,"group"
"data26","V6","~","V6lag",-0.587201526763824,0.00540115172443795,-108.717835884332,0,"group"
"data26","V7","~","V7lag",-0.68858869121475,0.00907348433007518,-75.890216609769,0,"group"
"data26","V8","~","V8lag",-0.604815487513972,0.00896981255536516,-67.4278847836359,0,"group"
"data26","V3","~","V4lag",-0.894261349836372,0.011158770727827,-80.1397727086842,0,"group"
"data26","V1","~","V2lag",1.30126632262386,0.0121972254448086,106.685436660327,0,"group"
"data26","V2","~","V3lag",0.46294155915077,0.00433204784612311,106.864368906976,0,"group"
"data26","V4","~","V5lag",0.631717436929496,0.00879549950719431,71.8228039706876,0,"group"
"data26","V5","~","V2lag",1.37454788577123,0.00625069263705094,219.903291616613,0,"group"
"data26","V7","~","V5lag",0.911003149204852,0.00871592465212935,104.521687091718,0,"group"
"data26","V6","~","V7lag",0.53974355741388,0.00547214125559615,98.6347998348735,0,"group"
"data26","V4","~","V6lag",0.224937246130322,0.00342932190582658,65.592339333366,0,"group"
"data26","V3","~","V8lag",-0.113742923924205,0.00226078467493324,-50.3112592655752,0,"group"
"data27","V1","~","V1lag",-0.878567605112255,0.0124258786965228,-70.7046661704586,0,"group"
"data27","V2","~","V2lag",0.699218871116597,0.00433734978007718,161.208781069106,0,"group"
"data27","V3","~","V3lag",0.974857347925442,0.0114569549068022,85.0886955439312,0,"group"
"data27","V4","~","V4lag",-0.851777298352846,0.00854824627433538,-99.6435141217396,0,"group"
"data27","V5","~","V5lag",-0.498594299350767,0.00716774964735998,-69.5607860040716,0,"group"
"data27","V6","~","V6lag",-0.584571156308408,0.00535334779981612,-109.197305717459,0,"group"
"data27","V7","~","V7lag",-0.683574319409593,0.0089140388248959,-76.6851404663447,0,"group"
"data27","V8","~","V8lag",-0.623677066700736,0.00864208719404475,-72.1674119569761,0,"group"
"data27","V3","~","V4lag",-0.923383225513604,0.0113928515293758,-81.0493512649326,0,"group"
"data27","V1","~","V2lag",1.25823289690627,0.0121413621596157,103.631938522629,0,"group"
"data27","V2","~","V3lag",0.466289134669172,0.00440246887825757,105.915373297022,0,"group"
"data27","V4","~","V5lag",0.61292297869577,0.00857404949174458,71.4858223393642,0,"group"
"data27","V5","~","V2lag",1.37066101355998,0.00624693244565303,219.413452199849,0,"group"
"data27","V7","~","V5lag",0.895653738707006,0.00858290846833024,104.353173753611,0,"group"
"data27","V6","~","V7lag",0.538286433458971,0.00542102157149264,99.2961246067791,0,"group"
"data27","V4","~","V6lag",0.221359731550148,0.00337939408117519,65.5027872550364,0,"group"
"data27","V3","~","V8lag",-0.11300301904627,0.00225050956051837,-50.2121923979923,0,"group"
"data28","V1","~","V1lag",-0.877071907388276,0.0123570856805138,-70.9772457733584,0,"group"
"data28","V2","~","V2lag",0.700669688444537,0.00440702750306195,158.989179885472,0,"group"
"data28","V3","~","V3lag",0.975349179799038,0.0117778931278687,82.8118551603406,0,"group"
"data28","V4","~","V4lag",-0.858182015419018,0.00831022238774776,-103.268237043125,0,"group"
"data28","V5","~","V5lag",-0.497258605916795,0.00737397793773023,-67.4342410725812,0,"group"
"data28","V6","~","V6lag",-0.596419878064282,0.00533056179998924,-111.886870548145,0,"group"
"data28","V7","~","V7lag",-0.682607133671303,0.00872503245069414,-78.2354836533583,0,"group"
"data28","V8","~","V8lag",-0.608056404931454,0.00891421669526148,-68.2119838139764,0,"group"
"data28","V3","~","V4lag",-0.959068643044223,0.0117006870905116,-81.9668653323746,0,"group"
"data28","V1","~","V2lag",1.23349580625275,0.0120581296468098,102.295782379409,0,"group"
"data28","V2","~","V3lag",0.468451702552347,0.00447964109066342,104.573489945144,0,"group"
"data28","V4","~","V5lag",0.588393564290844,0.00830178172564952,70.875576320312,0,"group"
"data28","V5","~","V2lag",1.35629498081711,0.00635719591243319,213.347991708815,0,"group"
"data28","V7","~","V5lag",0.864285671248649,0.00842326702071099,102.606942071711,0,"group"
"data28","V6","~","V7lag",0.520774911111929,0.00544309376840285,95.6762703841381,0,"group"
"data28","V4","~","V6lag",0.218046420130022,0.00341397353524169,63.8688079679522,0,"group"
"data28","V3","~","V8lag",-0.118867159805276,0.00238255857452154,-49.8905508877768,0,"group"
"data29","V1","~","V1lag",-0.885933184216513,0.0124461457228225,-71.1813282558615,0,"group"
"data29","V2","~","V2lag",0.696626472508687,0.00438485162933938,158.871161762352,0,"group"
"data29","V3","~","V3lag",0.97789007407557,0.0118074178321841,82.8199770664576,0,"group"
"data29","V4","~","V4lag",-0.856741135034894,0.00831661650525114,-103.015587468046,0,"group"
"data29","V5","~","V5lag",-0.505837844636841,0.00722533623460248,-70.0089003767547,0,"group"
"data29","V6","~","V6lag",-0.585431346051786,0.00524727433760351,-111.568656103306,0,"group"
"data29","V7","~","V7lag",-0.68256912312759,0.00871668515328805,-78.3060430799334,0,"group"
"data29","V8","~","V8lag",-0.618621520676399,0.00873091620881939,-70.8541355661515,0,"group"
"data29","V3","~","V4lag",-0.961259067549051,0.011733610050034,-81.9235566419959,0,"group"
"data29","V1","~","V2lag",1.23288946818371,0.0121930506266171,101.114110482929,0,"group"
"data29","V2","~","V3lag",0.471769927445215,0.00444850833490061,106.051263014157,0,"group"
"data29","V4","~","V5lag",0.593014080481104,0.00832597583115158,71.2245738526343,0,"group"
"data29","V5","~","V2lag",1.36665545094283,0.0063131043577614,216.479147736985,0,"group"
"data29","V7","~","V5lag",0.871271756039782,0.00843579320913604,103.2827304368,0,"group"
"data29","V6","~","V7lag",0.533298491250293,0.00531934854235433,100.256354138858,0,"group"
"data29","V4","~","V6lag",0.218262542933066,0.00322148531280811,67.7521459015471,0,"group"
"data29","V3","~","V8lag",-0.109764089845668,0.00224201067309552,-48.957880157688,0,"group"
"data3","V1","~","V1lag",-0.876404995136246,0.0124219151769522,-70.5531299040218,0,"group"
"data3","V2","~","V2lag",0.699796513961478,0.00432287732360526,161.882112670699,0,"group"
"data3","V3","~","V3lag",0.973911183247673,0.0114320282227811,85.1914607162112,0,"group"
"data3","V4","~","V4lag",-0.853808236612236,0.00856484655169787,-99.6875112074226,0,"group"
"data3","V5","~","V5lag",-0.494924215968725,0.00732777877634948,-67.5408239077987,0,"group"
"data3","V6","~","V6lag",-0.582610083623832,0.00539757909740623,-107.939146997179,0,"group"
"data3","V7","~","V7lag",-0.681875280690292,0.00891538789956846,-76.4829627573802,0,"group"
"data3","V8","~","V8lag",-0.60900855197465,0.00889782663138471,-68.4446412820109,0,"group"
"data3","V3","~","V4lag",-0.919501475531048,0.0113595032823901,-80.9455706532953,0,"group"
"data3","V1","~","V2lag",1.26444985543115,0.01210438471796,104.462133755135,0,"group"
"data3","V2","~","V3lag",0.463420542945323,0.00439411485616326,105.463912099458,0,"group"
"data3","V4","~","V5lag",0.613433641327007,0.00858358478685445,71.4659034144411,0,"group"
"data3","V5","~","V2lag",1.364312002976,0.006327877908744,215.603401748754,0,"group"
"data3","V7","~","V5lag",0.891549353398995,0.00855985404161594,104.154737810306,0,"group"
"data3","V6","~","V7lag",0.540825736741464,0.00546014866805172,99.0496357555115,0,"group"
"data3","V4","~","V6lag",0.217796107528513,0.00346527720604732,62.8509912997531,0,"group"
"data3","V3","~","V8lag",-0.118992723883249,0.00236813005322664,-50.2475460421267,0,"group"
"data30","V1","~","V1lag",-0.871399049038358,0.0124235680788364,-70.1408036329585,0,"group"
"data30","V2","~","V2lag",0.699084268790285,0.004228606325425,165.322618137082,0,"group"
"data30","V3","~","V3lag",0.977674714797921,0.011124860719764,87.8819734849372,0,"group"
"data30","V4","~","V4lag",-0.85223919890465,0.0088061597424068,-96.7776220093556,0,"group"
"data30","V5","~","V5lag",-0.49517359911319,0.00723829421187609,-68.4102613984305,0,"group"
"data30","V6","~","V6lag",-0.592657926224127,0.00552427863183405,-107.282410197214,0,"group"
"data30","V7","~","V7lag",-0.675384371378611,0.00906680629604082,-74.4897761490205,0,"group"
"data30","V8","~","V8lag",-0.628612399815933,0.00855467408558034,-73.4817473497342,0,"group"
"data30","V3","~","V4lag",-0.887030887079455,0.011105709726147,-79.8716073940822,0,"group"
"data30","V1","~","V2lag",1.30172791335874,0.012062054080668,107.919256923664,0,"group"
"data30","V2","~","V3lag",0.458003066604127,0.00429690399719737,106.589085281602,0,"group"
"data30","V4","~","V5lag",0.643285144804324,0.00890453890099217,72.2423869396143,0,"group"
"data30","V5","~","V2lag",1.37389126201858,0.00628473638203282,218.60761987509,0,"group"
"data30","V7","~","V5lag",0.925389929181175,0.00864715862407957,107.016647827445,0,"group"
"data30","V6","~","V7lag",0.541742326030682,0.00560551116505802,96.644589597401,0,"group"
"data30","V4","~","V6lag",0.218749892003015,0.00340878132074541,64.172462654536,0,"group"
"data30","V3","~","V8lag",-0.112152603101525,0.0022502964742875,-49.839034270822,0,"group"
"data31","V1","~","V1lag",-0.880492069593112,0.0124784330608629,-70.5611085381118,0,"group"
"data31","V2","~","V2lag",0.697928449410025,0.00429056954386438,162.66568861658,0,"group"
"data31","V3","~","V3lag",0.977825474072526,0.0113583365160665,86.0887923763643,0,"group"
"data31","V4","~","V4lag",-0.851369768222665,0.00855540364779444,-99.5125190197362,0,"group"
"data31","V5","~","V5lag",-0.49323036402161,0.00738373074809725,-66.7996140228587,0,"group"
"data31","V6","~","V6lag",-0.585243292974154,0.00550668364459457,-106.278720686749,0,"group"
"data31","V7","~","V7lag",-0.683551944914183,0.00903389699562841,-75.6652356391666,0,"group"
"data31","V8","~","V8lag",-0.618548442601007,0.00873219464139155,-70.8353933922888,0,"group"
"data31","V3","~","V4lag",-0.910935742267403,0.0113164389480259,-80.4966780142719,0,"group"
"data31","V1","~","V2lag",1.26773765074136,0.0121605396656586,104.250114353185,0,"group"
"data31","V2","~","V3lag",0.461858855901641,0.00436406945394835,105.832150650989,0,"group"
"data31","V4","~","V5lag",0.618495460983162,0.00861661324305513,71.7794153615588,0,"group"
"data31","V5","~","V2lag",1.36752433638479,0.00636459488046098,214.864317693342,0,"group"
"data31","V7","~","V5lag",0.906255831664942,0.00865087191437786,104.758900678986,0,"group"
"data31","V6","~","V7lag",0.537295373872096,0.00558388941585646,96.2224238084567,0,"group"
"data31","V4","~","V6lag",0.21936410643765,0.00338907264651127,64.726882341535,0,"group"
"data31","V3","~","V8lag",-0.119346312098049,0.0023625447768673,-50.5160000634146,0,"group"
"data32","V1","~","V1lag",-0.884604300645077,0.0122616814742231,-72.1438003837174,0,"group"
"data32","V2","~","V2lag",0.696595667268996,0.0044705658698509,155.818231416022,0,"group"
"data32","V3","~","V3lag",0.973258983006494,0.0119209922582118,81.6424473672534,0,"group"
"data32","V4","~","V4lag",-0.853996721863262,0.00812346018811404,-105.127212060792,0,"group"
"data32","V5","~","V5lag",-0.49563715238695,0.00752959039666281,-65.825247626567,0,"group"
"data32","V6","~","V6lag",-0.594133992422103,0.00542335111068476,-109.551083877195,0,"group"
"data32","V7","~","V7lag",-0.687217461811078,0.00860451638934227,-79.8670640760566,0,"group"
"data32","V8","~","V8lag",-0.616454641396297,0.00876876805998846,-70.3011685540133,0,"group"
"data32","V3","~","V4lag",-0.9824320967292,0.0118937180105755,-82.600923937801,0,"group"
"data32","V1","~","V2lag",1.17994348683359,0.0120099095132609,98.2474918342005,0,"group"
"data32","V2","~","V3lag",0.473997181287159,0.00454989140623136,104.17769106269,0,"group"
"data32","V4","~","V5lag",0.572641219787006,0.00811095902909441,70.6009261953998,0,"group"
"data32","V5","~","V2lag",1.34401004486887,0.00643227294586337,208.947918749811,0,"group"
"data32","V7","~","V5lag",0.837809385934019,0.00834089295383117,100.446006269532,0,"group"
"data32","V6","~","V7lag",0.515809937249136,0.00554765825340962,92.977958210046,0,"group"
"data32","V4","~","V6lag",0.222397544488083,0.00345594236230192,64.3522145837958,0,"group"
"data32","V3","~","V8lag",-0.126466614948049,0.00253063045483205,-49.9743511371132,0,"group"
"data33","V1","~","V1lag",-0.876796671088926,0.0124901375757665,-70.1991203675849,0,"group"
"data33","V2","~","V2lag",0.698535002988098,0.00422326239367738,165.401752927753,0,"group"
"data33","V3","~","V3lag",0.975891758951654,0.0110973437265237,87.939220682079,0,"group"
"data33","V4","~","V4lag",-0.85353836197053,0.00881410004511102,-96.8378345607692,0,"group"
"data33","V5","~","V5lag",-0.499447030848995,0.0071073270054588,-70.2721333161389,0,"group"
"data33","V6","~","V6lag",-0.593677217095373,0.0053606241585625,-110.747778530061,0,"group"
"data33","V7","~","V7lag",-0.690343206568699,0.00913223501527337,-75.5941130965335,0,"group"
"data33","V8","~","V8lag",-0.618830665920162,0.0087272561712923,-70.907814984939,0,"group"
"data33","V3","~","V4lag",-0.883129042079911,0.0110569035115616,-79.8712805222976,0,"group"
"data33","V1","~","V2lag",1.30544920835847,0.0121469825999989,107.471069264443,0,"group"
"data33","V2","~","V3lag",0.459844996394933,0.00428390746522424,107.342420471928,0,"group"
"data33","V4","~","V5lag",0.642071039457447,0.00891158162528837,72.0490555386312,0,"group"
"data33","V5","~","V2lag",1.38097033116377,0.00621927541161823,222.046820532176,0,"group"
"data33","V7","~","V5lag",0.918520498524226,0.00876904701550399,104.745760502852,0,"group"
"data33","V6","~","V7lag",0.538465811771073,0.00544043173680274,98.9748310099229,0,"group"
"data33","V4","~","V6lag",0.224270020738218,0.0033451505228608,67.0433271105601,0,"group"
"data33","V3","~","V8lag",-0.108320674829731,0.00218487192196565,-49.5775856427679,0,"group"
"data34","V1","~","V1lag",-0.875090265385173,0.0124183557245769,-70.4674825551419,0,"group"
"data34","V2","~","V2lag",0.701861402066785,0.00434156463283842,161.660935957994,0,"group"
"data34","V3","~","V3lag",0.974322433591697,0.0114760515991064,84.9004925759974,0,"group"
"data34","V4","~","V4lag",-0.855005394774481,0.00850002275172498,-100.588600730624,0,"group"
"data34","V5","~","V5lag",-0.499272005690117,0.00742265362882275,-67.2632768086341,0,"group"
"data34","V6","~","V6lag",-0.590956195253764,0.00546160080797957,-108.2020118333,0,"group"
"data34","V7","~","V7lag",-0.67817683962105,0.00895889758898492,-75.6986931578364,0,"group"
"data34","V8","~","V8lag",-0.58944760362596,0.00922939261328108,-63.8663483421159,0,"group"
"data34","V3","~","V4lag",-0.923290337615986,0.0113918919049799,-81.0480247984426,0,"group"
"data34","V1","~","V2lag",1.26848457506587,0.0120844143825238,104.968642659286,0,"group"
"data34","V2","~","V3lag",0.46270271797761,0.00441556953822319,104.788909782134,0,"group"
"data34","V4","~","V5lag",0.610554204703495,0.0085327564706522,71.5541580031555,0,"group"
"data34","V5","~","V2lag",1.36784545643935,0.00640388065694521,213.596337863647,0,"group"
"data34","V7","~","V5lag",0.896865331315841,0.0085610549724829,104.761076082161,0,"group"
"data34","V6","~","V7lag",0.530624077872248,0.00555712452774078,95.4853675175731,0,"group"
"data34","V4","~","V6lag",0.214764080595956,0.00342884067515858,62.6346047956933,0,"group"
"data34","V3","~","V8lag",-0.116543180275601,0.00235164845539435,-49.5580791458296,0,"group"
"data35","V1","~","V1lag",-0.878796109427616,0.0124821299490719,-70.4043390842087,0,"group"
"data35","V2","~","V2lag",0.698143808937999,0.00429459856330072,162.563228820489,0,"group"
"data35","V3","~","V3lag",0.976072208738945,0.0112855134535214,86.4889499940635,0,"group"
"data35","V4","~","V4lag",-0.853483694127286,0.00868651968038221,-98.2538145921443,0,"group"
"data35","V5","~","V5lag",-0.4976918000445,0.0072363478715419,-68.7766548650533,0,"group"
"data35","V6","~","V6lag",-0.58961717616635,0.00545695454435342,-108.048760782964,0,"group"
"data35","V7","~","V7lag",-0.686994833114855,0.00904250291460658,-75.9739686680262,0,"group"
"data35","V8","~","V8lag",-0.622343776557886,0.00866558539015092,-71.8178574831454,0,"group"
"data35","V3","~","V4lag",-0.904666786967762,0.011246329736356,-80.4410690576899,0,"group"
"data35","V1","~","V2lag",1.28094292600895,0.0121544076870296,105.389169015277,0,"group"
"data35","V2","~","V3lag",0.463133873152698,0.00436340240057315,106.140536818668,0,"group"
"data35","V4","~","V5lag",0.630172689907126,0.00876010165070882,71.9366869283002,0,"group"
"data35","V5","~","V2lag",1.37522604021028,0.00629122168890565,218.594433357109,0,"group"
"data35","V7","~","V5lag",0.904619618357986,0.0086758610856945,104.268568782135,0,"group"
"data35","V6","~","V7lag",0.534374384925691,0.00554351551071948,96.3963001262236,0,"group"
"data35","V4","~","V6lag",0.219239454276403,0.00336202862785884,65.2104662225999,0,"group"
"data35","V3","~","V8lag",-0.118210056146368,0.00233565294144459,-50.611139201724,0,"group"
"data36","V1","~","V1lag",-0.882360085498941,0.0125193351574139,-70.4797878165608,0,"group"
"data36","V2","~","V2lag",0.698721163821284,0.00421856046790507,165.630235512131,0,"group"
"data36","V3","~","V3lag",0.976888038713764,0.0109425488275739,89.2742681898872,0,"group"
"data36","V4","~","V4lag",-0.857851619405205,0.00897881370778952,-95.5417549938674,0,"group"
"data36","V5","~","V5lag",-0.48685877700727,0.00720614829306446,-67.5615817503846,0,"group"
"data36","V6","~","V6lag",-0.587202058333955,0.00551950927889437,-106.386642120399,0,"group"
"data36","V7","~","V7lag",-0.688807262894325,0.00919409256644108,-74.9184607308075,0,"group"
"data36","V8","~","V8lag",-0.62507343239416,0.00861742518824651,-72.5359859516635,0,"group"
"data36","V3","~","V4lag",-0.870392227596639,0.0109637479477596,-79.3882011647757,0,"group"
"data36","V1","~","V2lag",1.28033586836775,0.0122115873216973,104.845982314918,0,"group"
"data36","V2","~","V3lag",0.457659966942947,0.00428640519778971,106.770112909283,0,"group"
"data36","V4","~","V5lag",0.656445108837074,0.00908201484612252,72.2796780185111,0,"group"
"data36","V5","~","V2lag",1.37213590527847,0.00624656070131145,219.662622503675,0,"group"
"data36","V7","~","V5lag",0.928716553802994,0.00880290148187156,105.501186820683,0,"group"
"data36","V6","~","V7lag",0.541721233005164,0.00559241236083536,96.8671832568949,0,"group"
"data36","V4","~","V6lag",0.217366444081198,0.00343850203452123,63.2154472787637,0,"group"
"data36","V3","~","V8lag",-0.115651207620738,0.00229537032448434,-50.3845529355788,0,"group"
"data37","V1","~","V1lag",-0.879070089075619,0.0123043219712967,-71.4440089528135,0,"group"
"data37","V2","~","V2lag",0.697914721111793,0.00441659145885788,158.021118234076,0,"group"
"data37","V3","~","V3lag",0.974100287333003,0.0117040410625457,83.2276888065811,0,"group"
"data37","V4","~","V4lag",-0.853834435275723,0.00830809089082502,-102.771436482315,0,"group"
"data37","V5","~","V5lag",-0.501437342428523,0.00752595239990749,-66.6277589577483,0,"group"
"data37","V6","~","V6lag",-0.596146750861909,0.00538746664360963,-110.654374365182,0,"group"
"data37","V7","~","V7lag",-0.679966109634323,0.00868925344997408,-78.2536858372282,0,"group"
"data37","V8","~","V8lag",-0.618243389240195,0.00873753108292901,-70.7572177280251,0,"group"
"data37","V3","~","V4lag",-0.952747186975963,0.0116425867137334,-81.832947471383,0,"group"
"data37","V1","~","V2lag",1.20814333908898,0.0120224658872699,100.490477612271,0,"group"
"data37","V2","~","V3lag",0.470148170338792,0.00449253701646994,104.650928554444,0,"group"
"data37","V4","~","V5lag",0.589691098846662,0.00831794672107943,70.8938297659759,0,"group"
"data37","V5","~","V2lag",1.35557384736691,0.00646138878461958,209.796050439445,0,"group"
"data37","V7","~","V5lag",0.855790645205073,0.00837316516061093,102.206349545198,0,"group"
"data37","V6","~","V7lag",0.523474967960121,0.00549879748202355,95.1980809752395,0,"group"
"data37","V4","~","V6lag",0.222400712830061,0.00347870032143053,63.9321275994835,0,"group"
"data37","V3","~","V8lag",-0.125028757357344,0.00248662808369209,-50.2804412840476,0,"group"
"data38","V1","~","V1lag",-0.87694653058491,0.0123985286715391,-70.7298868935915,0,"group"
"data38","V2","~","V2lag",0.700917267991003,0.00427911736029952,163.799496245165,0,"group"
"data38","V3","~","V3lag",0.977653047899364,0.0112883900525784,86.606951331918,0,"group"
"data38","V4","~","V4lag",-0.860267508554402,0.00873746649680649,-98.4573169887205,0,"group"
"data38","V5","~","V5lag",-0.493190298839751,0.00711570567758464,-69.3101037601037,0,"group"
"data38","V6","~","V6lag",-0.585377954070437,0.00538110675821553,-108.783932446001,0,"group"
"data38","V7","~","V7lag",-0.685548456508289,0.00905133650537689,-75.7400253654301,0,"group"
"data38","V8","~","V8lag",-0.603156885673295,0.00899814999205738,-67.0312104383344,0,"group"
"data38","V3","~","V4lag",-0.905219754514982,0.0112700416738216,-80.3208879535608,0,"group"
"data38","V1","~","V2lag",1.25672172039527,0.0121279499138453,103.62194182222,0,"group"
"data38","V2","~","V3lag",0.461619037879061,0.00434171339874131,106.321858557704,0,"group"
"data38","V4","~","V5lag",0.629067708015962,0.00876355029762028,71.7822898998804,0,"group"
"data38","V5","~","V2lag",1.37299801924936,0.00619938937509818,221.473105845625,0,"group"
"data38","V7","~","V5lag",0.916217550715353,0.00870104337672563,105.299733726893,0,"group"
"data38","V6","~","V7lag",0.541227937167611,0.00544620083093205,99.3771537203827,0,"group"
"data38","V4","~","V6lag",0.211898192441835,0.0033319233701013,63.5963582906149,0,"group"
"data38","V3","~","V8lag",-0.108083968219704,0.00215490526668315,-50.1571785501584,0,"group"
"data39","V1","~","V1lag",-0.88081718016028,0.0125425838635602,-70.2261344027612,0,"group"
"data39","V2","~","V2lag",0.699611251136214,0.00421802864289815,165.862138540511,0,"group"
"data39","V3","~","V3lag",0.97732390180507,0.0110612116743211,88.3559532699253,0,"group"
"data39","V4","~","V4lag",-0.855916214180094,0.00889962765319306,-96.1743847646259,0,"group"
"data39","V5","~","V5lag",-0.507607873697902,0.00696011637575003,-72.9309463080927,0,"group"
"data39","V6","~","V6lag",-0.588013094252197,0.00539163583959661,-109.060239182658,0,"group"
"data39","V7","~","V7lag",-0.684121903737936,0.00915561973060605,-74.7215288388403,0,"group"
"data39","V8","~","V8lag",-0.601320205919163,0.00902943878306367,-66.5955238599155,0,"group"
"data39","V3","~","V4lag",-0.878832909963519,0.0110168114144232,-79.7719845519864,0,"group"
"data39","V1","~","V2lag",1.325825411241,0.0122365781411349,108.349360086548,0,"group"
"data39","V2","~","V3lag",0.459793233140223,0.00427416392436988,107.575011458646,0,"group"
"data39","V4","~","V5lag",0.653550325181446,0.00900774843706668,72.5542381370356,0,"group"
"data39","V5","~","V2lag",1.3918630696209,0.00615692603806678,226.064607730441,0,"group"
"data39","V7","~","V5lag",0.937941644140652,0.00878377185457564,106.781193736499,0,"group"
"data39","V6","~","V7lag",0.545378907505852,0.00545377529539043,100.000252662923,0,"group"
"data39","V4","~","V6lag",0.212879578486133,0.00323767305940444,65.7507952718647,0,"group"
"data39","V3","~","V8lag",-0.101255890068438,0.0020613241361151,-49.1217699799856,0,"group"
"data4","V1","~","V1lag",-0.88207304208381,0.0125476665872822,-70.2977749646173,0,"group"
"data4","V2","~","V2lag",0.697461881107664,0.00420154042750877,166.001468542625,0,"group"
"data4","V3","~","V3lag",0.979109466585969,0.0111620444714107,87.7177535973589,0,"group"
"data4","V4","~","V4lag",-0.851903156775085,0.00877722038763366,-97.0584215904323,0,"group"
"data4","V5","~","V5lag",-0.502736453879106,0.00708013813004565,-71.0065883807643,0,"group"
"data4","V6","~","V6lag",-0.588080165282999,0.00535289598908899,-109.862057189548,0,"group"
"data4","V7","~","V7lag",-0.68588692844349,0.00907835949258685,-75.5518581307082,0,"group"
"data4","V8","~","V8lag",-0.615621925299768,0.00878327901308892,-70.0902162372802,0,"group"
"data4","V3","~","V4lag",-0.889754998167177,0.0111489393516084,-79.8062461465281,0,"group"
"data4","V1","~","V2lag",1.30735573122606,0.0122416879875595,106.795380878409,0,"group"
"data4","V2","~","V3lag",0.459580597113298,0.00426015268143182,107.878902818768,0,"group"
"data4","V4","~","V5lag",0.640671306746007,0.0088780770485189,72.163296538735,0,"group"
"data4","V5","~","V2lag",1.38307358617522,0.00621328695366377,222.599341779904,0,"group"
"data4","V7","~","V5lag",0.923563453380113,0.00873449403557935,105.737487439804,0,"group"
"data4","V6","~","V7lag",0.542133690216667,0.00541887610120077,100.045411648466,0,"group"
"data4","V4","~","V6lag",0.221699781461547,0.00328210483784522,67.5480499297817,0,"group"
"data4","V3","~","V8lag",-0.107368757333088,0.00212254838962561,-50.5848337111534,0,"group"
"data40","V1","~","V1lag",-0.884318525506937,0.0121316804935605,-72.8933247109774,0,"group"
"data40","V2","~","V2lag",0.695312133621891,0.00458266176086642,151.726697256931,0,"group"
"data40","V3","~","V3lag",0.974348820351591,0.0123509031411688,78.8888722723303,0,"group"
"data40","V4","~","V4lag",-0.858813637907159,0.00782851787060236,-109.703222513188,0,"group"
"data40","V5","~","V5lag",-0.503287027877735,0.00754582589221604,-66.6974079533037,0,"group"
"data40","V6","~","V6lag",-0.5917101601721,0.00515853198916304,-114.705145071341,0,"group"
"data40","V7","~","V7lag",-0.69274178160574,0.00832644410621097,-83.1977940125726,0,"group"
"data40","V8","~","V8lag",-0.615430072012381,0.0087866198012895,-70.0417323078054,0,"group"
"data40","V3","~","V4lag",-1.03462605116871,0.0122876711169461,-84.2003371771432,0,"group"
"data40","V1","~","V2lag",1.15116993895715,0.0119203224595042,96.5720468441956,0,"group"
"data40","V2","~","V3lag",0.484500558952988,0.00465520009896784,104.077278882257,0,"group"
"data40","V4","~","V5lag",0.542277134170278,0.00774718717956491,69.9966480222223,0,"group"
"data40","V5","~","V2lag",1.33813371505095,0.00648275656361365,206.414308777475,0,"group"
"data40","V7","~","V5lag",0.804040822918419,0.00815404912771739,98.6063255598142,0,"group"
"data40","V6","~","V7lag",0.515289751913777,0.00526201926046006,97.9262382762021,0,"group"
"data40","V4","~","V6lag",0.222095384771682,0.00332987406772292,66.6978330875913,0,"group"
"data40","V3","~","V8lag",-0.122488067858541,0.00245720455067482,-49.8485434698148,0,"group"
"data41","V1","~","V1lag",-0.878983402737523,0.0124698766619074,-70.4885402293202,0,"group"
"data41","V2","~","V2lag",0.701949747051314,0.00431343458717073,162.735688432391,0,"group"
"data41","V3","~","V3lag",0.976388066890039,0.0113554383079497,85.9841813597357,0,"group"
"data41","V4","~","V4lag",-0.856452101123522,0.00860127695526124,-99.5726687535211,0,"group"
"data41","V5","~","V5lag",-0.486862340797869,0.00741549613224182,-65.6547225048154,0,"group"
"data41","V6","~","V6lag",-0.588339813117575,0.00556687599472859,-105.685812594836,0,"group"
"data41","V7","~","V7lag",-0.681947863206527,0.00902924920240811,-75.5265302706066,0,"group"
"data41","V8","~","V8lag",-0.62774157178598,0.00857014831348323,-73.2474571995876,0,"group"
"data41","V3","~","V4lag",-0.91188990201136,0.0113161795284027,-80.5828415608458,0,"group"
"data41","V1","~","V2lag",1.26788133801913,0.0121233580490229,104.581695343174,0,"group"
"data41","V2","~","V3lag",0.459727811413535,0.00439145332016441,104.686940267037,0,"group"
"data41","V4","~","V5lag",0.62223017743264,0.00865547802023158,71.8885977155992,0,"group"
"data41","V5","~","V2lag",1.3614838712694,0.00636212321132901,213.998350243361,0,"group"
"data41","V7","~","V5lag",0.904522872930071,0.00863239185193089,104.782415864005,0,"group"
"data41","V6","~","V7lag",0.535949216770856,0.00565438118308692,94.7847694410767,0,"group"
"data41","V4","~","V6lag",0.214613448662459,0.00341671204831151,62.8128579838965,0,"group"
"data41","V3","~","V8lag",-0.12541983679587,0.00248413520823374,-50.488329451699,0,"group"
"data42","V1","~","V1lag",-0.87477387523112,0.0124541863943828,-70.2393434247678,0,"group"
"data42","V2","~","V2lag",0.698988109562177,0.00426925730567216,163.725926903843,0,"group"
"data42","V3","~","V3lag",0.978442568414203,0.0111697508087728,87.5975288227312,0,"group"
"data42","V4","~","V4lag",-0.860318774971459,0.00880148180267062,-97.7470378579222,0,"group"
"data42","V5","~","V5lag",-0.493696105007939,0.00720116497095988,-68.557810715192,0,"group"
"data42","V6","~","V6lag",-0.58175961211496,0.00545071699065992,-106.730841669423,0,"group"
"data42","V7","~","V7lag",-0.683146522265914,0.00907627668076769,-75.2672650133592,0,"group"
"data42","V8","~","V8lag",-0.619171595908398,0.00872128697027802,-70.9954388633837,0,"group"
"data42","V3","~","V4lag",-0.892935427519194,0.0111617123327149,-79.9998603173105,0,"group"
"data42","V1","~","V2lag",1.29904477723227,0.0121221791793335,107.162644439949,0,"group"
"data42","V2","~","V3lag",0.461921939025539,0.00433331679173313,106.597777459236,0,"group"
"data42","V4","~","V5lag",0.641687122327337,0.00888046983813705,72.2582401633325,0,"group"
"data42","V5","~","V2lag",1.37367296673359,0.00625696522421302,219.543008073273,0,"group"
"data42","V7","~","V5lag",0.920955937659728,0.00870219850859373,105.83026079562,0,"group"
"data42","V6","~","V7lag",0.545243651822016,0.00550666505649182,99.0152199613499,0,"group"
"data42","V4","~","V6lag",0.21168280016309,0.00329500354603227,64.2435727931131,0,"group"
"data42","V3","~","V8lag",-0.109019968747514,0.00220571522929376,-49.4261304902994,0,"group"
"data43","V1","~","V1lag",-0.880195036565405,0.0123342820628203,-71.3616757004943,0,"group"
"data43","V2","~","V2lag",0.699459754684429,0.00441989527328636,158.252562885807,0,"group"
"data43","V3","~","V3lag",0.976146647861588,0.0118951718852985,82.06242476143,0,"group"
"data43","V4","~","V4lag",-0.857222876992282,0.0081488620895286,-105.19540858273,0,"group"
"data43","V5","~","V5lag",-0.499971804936184,0.00751807457641597,-66.5026397190291,0,"group"
"data43","V6","~","V6lag",-0.584040160709875,0.00537186564904851,-108.72203418068,0,"group"
"data43","V7","~","V7lag",-0.682870660389359,0.00869322039785114,-78.5520933713076,0,"group"
"data43","V8","~","V8lag",-0.590634800814824,0.00920957762108661,-64.1326698265167,0,"group"
"data43","V3","~","V4lag",-0.973385741016031,0.0118314791070008,-82.2708413895665,0,"group"
"data43","V1","~","V2lag",1.21157571590015,0.0120324608782371,100.69226305082,0,"group"
"data43","V2","~","V3lag",0.46909086552232,0.00449701648040893,104.311573587932,0,"group"
"data43","V4","~","V5lag",0.574991434655826,0.00813169022323986,70.7099531426489,0,"group"
"data43","V5","~","V2lag",1.35315326953606,0.00644941365871655,209.810277513714,0,"group"
"data43","V7","~","V5lag",0.854823724756515,0.00839095780849272,101.874391966472,0,"group"
"data43","V6","~","V7lag",0.527848902140069,0.00545686237573732,96.7312103173111,0,"group"
"data43","V4","~","V6lag",0.218739598184532,0.00340515925549775,64.2376998465986,0,"group"
"data43","V3","~","V8lag",-0.117471442699233,0.00241151091988179,-48.712797329979,0,"group"
"data44","V1","~","V1lag",-0.884977715663627,0.0126209445441372,-70.1197689736086,0,"group"
"data44","V2","~","V2lag",0.700360408187501,0.00418597121573397,167.311329221527,0,"group"
"data44","V3","~","V3lag",0.978495892517987,0.0108741106232143,89.9839928452694,0,"group"
"data44","V4","~","V4lag",-0.857584098410803,0.0090777889715032,-94.470592024436,0,"group"
"data44","V5","~","V5lag",-0.495977209111981,0.00704654502351072,-70.3858710129799,0,"group"
"data44","V6","~","V6lag",-0.589947810071344,0.00549278468972837,-107.404138956067,0,"group"
"data44","V7","~","V7lag",-0.681515833763951,0.00927394433872217,-73.4871602494279,0,"group"
"data44","V8","~","V8lag",-0.607642732404137,0.00892132844112722,-68.1112388602252,0,"group"
"data44","V3","~","V4lag",-0.85895556998511,0.010845614902398,-79.1984205335555,0,"group"
"data44","V1","~","V2lag",1.33931333171749,0.0122608357547641,109.235076507495,0,"group"
"data44","V2","~","V3lag",0.456458423530509,0.00424452722248713,107.540463190396,0,"group"
"data44","V4","~","V5lag",0.66664860891414,0.00917633533308683,72.6486756113222,0,"group"
"data44","V5","~","V2lag",1.3861701226276,0.00617858363284031,224.350790569516,0,"group"
"data44","V7","~","V5lag",0.957264814062249,0.00884358495987329,108.243977799244,0,"group"
"data44","V6","~","V7lag",0.547832957979432,0.00555762613966046,98.5731937004496,0,"group"
"data44","V4","~","V6lag",0.214798442906831,0.00335987076953235,63.9305668702038,0,"group"
"data44","V3","~","V8lag",-0.109473168331819,0.00216440419693995,-50.5788930212726,0,"group"
"data45","V1","~","V1lag",-0.8799791242384,0.0123727380935612,-71.1224239601693,0,"group"
"data45","V2","~","V2lag",0.695972980962402,0.00438717345560916,158.63812725995,0,"group"
"data45","V3","~","V3lag",0.975348137060591,0.0117233253236942,83.1972252010531,0,"group"
"data45","V4","~","V4lag",-0.858805930100968,0.00835132331026959,-102.834712319771,0,"group"
"data45","V5","~","V5lag",-0.502535167227801,0.00749152063332018,-67.0805290173888,0,"group"
"data45","V6","~","V6lag",-0.589067279843557,0.00538977097658129,-109.293564124166,0,"group"
"data45","V7","~","V7lag",-0.681817530994597,0.00868201465012828,-78.532179277597,0,"group"
"data45","V8","~","V8lag",-0.607823705729093,0.00891821798851213,-68.1552869095655,0,"group"
"data45","V3","~","V4lag",-0.958795805187492,0.0117175955730888,-81.8253027429544,0,"group"
"data45","V1","~","V2lag",1.22825174253956,0.0120896894870156,101.594978420142,0,"group"
"data45","V2","~","V3lag",0.470334296983041,0.00445909126713695,105.477611649117,0,"group"
"data45","V4","~","V5lag",0.5923537065087,0.00835345192387305,70.9112486558799,0,"group"
"data45","V5","~","V2lag",1.35656741681474,0.00644687552611659,210.42246144186,0,"group"
"data45","V7","~","V5lag",0.858002255583729,0.00838525834828422,102.322697756747,0,"group"
"data45","V6","~","V7lag",0.527094929927911,0.00548450077068132,96.106273290291,0,"group"
"data45","V4","~","V6lag",0.218178281778826,0.00345086765274445,63.2241812013016,0,"group"
"data45","V3","~","V8lag",-0.120861769685263,0.00244134505981823,-49.5062216621938,0,"group"
"data46","V1","~","V1lag",-0.872973480633171,0.0124269846016832,-70.2482145600253,0,"group"
"data46","V2","~","V2lag",0.700161576162407,0.00425973131317191,164.367544496849,0,"group"
"data46","V3","~","V3lag",0.973745489168144,0.0110826156850121,87.8624249765348,0,"group"
"data46","V4","~","V4lag",-0.852970949082362,0.0087804151716418,-97.144717238111,0,"group"
"data46","V5","~","V5lag",-0.502959818411313,0.00732171066353163,-68.6943040396942,0,"group"
"data46","V6","~","V6lag",-0.591789193777733,0.00549679760600582,-107.660721058957,0,"group"
"data46","V7","~","V7lag",-0.687931940751795,0.009172827296941,-74.9967178583216,0,"group"
"data46","V8","~","V8lag",-0.622132681412639,0.0086692998422535,-71.7627366376708,0,"group"
"data46","V3","~","V4lag",-0.884318496999068,0.0110592862980428,-79.96162439122,0,"group"
"data46","V1","~","V2lag",1.29342856381933,0.0120902261238489,106.981337699544,0,"group"
"data46","V2","~","V3lag",0.459621808160381,0.00432726391083212,106.21534013903,0,"group"
"data46","V4","~","V5lag",0.640624499241273,0.00887904782259893,72.1501350190678,0,"group"
"data46","V5","~","V2lag",1.37938838444458,0.00636478780023127,216.721818187632,0,"group"
"data46","V7","~","V5lag",0.923042575375661,0.00877311158780733,105.21267923441,0,"group"
"data46","V6","~","V7lag",0.539525617737028,0.00557939154089536,96.6997232193615,0,"group"
"data46","V4","~","V6lag",0.218679468627921,0.00341056192366485,64.1183105665289,0,"group"
"data46","V3","~","V8lag",-0.118337428546491,0.00235085112243853,-50.338121124293,0,"group"
"data47","V1","~","V1lag",-0.87840804731112,0.0124192286534203,-70.7296782936037,0,"group"
"data47","V2","~","V2lag",0.699655708073911,0.00434857033957691,160.893271452057,0,"group"
"data47","V3","~","V3lag",0.974188645174874,0.0114696502303069,84.9362121436556,0,"group"
"data47","V4","~","V4lag",-0.853971804855026,0.00845494433010032,-101.002652591669,0,"group"
"data47","V5","~","V5lag",-0.501273735398054,0.0073418201153284,-68.2764937745457,0,"group"
"data47","V6","~","V6lag",-0.586048703993939,0.00538552282783606,-108.819277668797,0,"group"
"data47","V7","~","V7lag",-0.688522940655858,0.00892815696332566,-77.1181491862335,0,"group"
"data47","V8","~","V8lag",-0.613596243177223,0.00881849712930222,-69.5805911347816,0,"group"
"data47","V3","~","V4lag",-0.931712384391704,0.0114958665932872,-81.0475988766048,0,"group"
"data47","V1","~","V2lag",1.25289426808372,0.0121157040620814,103.410768508692,0,"group"
"data47","V2","~","V3lag",0.465526523352842,0.00441895738146683,105.347592919829,0,"group"
"data47","V4","~","V5lag",0.605635565361874,0.008488527073779,71.347544762233,0,"group"
"data47","V5","~","V2lag",1.36916621653409,0.00636134655772356,215.232137427213,0,"group"
"data47","V7","~","V5lag",0.885321661076444,0.00859665992208999,102.984376385708,0,"group"
"data47","V6","~","V7lag",0.534525851232067,0.00546299898612871,97.844764860711,0,"group"
"data47","V4","~","V6lag",0.222585839380011,0.00337796197236753,65.8935302412555,0,"group"
"data47","V3","~","V8lag",-0.116283190398026,0.00233402025007305,-49.8209860837265,0,"group"
"data48","V1","~","V1lag",-0.879434542510707,0.0125313085327378,-70.1789873111178,0,"group"
"data48","V2","~","V2lag",0.697888602280337,0.0040917174508549,170.561288911707,0,"group"
"data48","V3","~","V3lag",0.977769968969906,0.0104655577921311,93.427410979,0,"group"
"data48","V4","~","V4lag",-0.857815661911339,0.0093731797541626,-91.5181063854436,0,"group"
"data48","V5","~","V5lag",-0.493123826017228,0.0068967185894119,-71.5012247671364,0,"group"
"data48","V6","~","V6lag",-0.586149856215479,0.00554090743676415,-105.785895704799,0,"group"
"data48","V7","~","V7lag",-0.682993540835449,0.0095098381877908,-71.8196805611592,0,"group"
"data48","V8","~","V8lag",-0.615616210239674,0.00878337869864138,-70.0887700919577,0,"group"
"data48","V3","~","V4lag",-0.819360170377844,0.0104706153674317,-78.2532966425658,0,"group"
"data48","V1","~","V2lag",1.36556342310364,0.0121854279056055,112.065282703405,0,"group"
"data48","V2","~","V3lag",0.452614699183546,0.00414650631281302,109.15567589634,0,"group"
"data48","V4","~","V5lag",0.699951100556387,0.00952620462722032,73.4763872861115,0,"group"
"data48","V5","~","V2lag",1.39487176315525,0.00608840236791221,229.103084662516,0,"group"
"data48","V7","~","V5lag",0.994557121829287,0.00900393625081201,110.458036810244,0,"group"
"data48","V6","~","V7lag",0.561156122070927,0.00557904524602241,100.582823283429,0,"group"
"data48","V4","~","V6lag",0.217299291253079,0.00326525380491287,66.5489742102536,0,"group"
"data48","V3","~","V8lag",-0.100572825642205,0.00201691707820803,-49.8646308908051,0,"group"
"data49","V1","~","V1lag",-0.879336143051995,0.0124961355064051,-70.3686465788788,0,"group"
"data49","V2","~","V2lag",0.70005370332506,0.00429008643190063,163.179393804175,0,"group"
"data49","V3","~","V3lag",0.97397126241051,0.0112095397571575,86.8877120301582,0,"group"
"data49","V4","~","V4lag",-0.861291915496483,0.00876808212136461,-98.2303659540129,0,"group"
"data49","V5","~","V5lag",-0.493484757828624,0.00725423125316488,-68.0271610604261,0,"group"
"data49","V6","~","V6lag",-0.594602380505453,0.00545436876250408,-109.013967774425,0,"group"
"data49","V7","~","V7lag",-0.685793738313559,0.00913361941006151,-75.0845538361381,0,"group"
"data49","V8","~","V8lag",-0.620449312939105,0.00869888373308859,-71.3251644666839,0,"group"
"data49","V3","~","V4lag",-0.898244576725676,0.011191021658837,-80.2647518795905,0,"group"
"data49","V1","~","V2lag",1.28650967621646,0.0121701904682006,105.70990483493,0,"group"
"data49","V2","~","V3lag",0.460627914212658,0.00436265795638494,105.584237594999,0,"group"
"data49","V4","~","V5lag",0.636381439288549,0.00884356245193366,71.9598513322426,0,"group"
"data49","V5","~","V2lag",1.37293769875901,0.00629017800981159,218.266907012404,0,"group"
"data49","V7","~","V5lag",0.920515279998583,0.00873769625289004,105.34988323657,0,"group"
"data49","V6","~","V7lag",0.534018931758385,0.00554869989276669,96.2421724149353,0,"group"
"data49","V4","~","V6lag",0.215442986032844,0.00337059567239528,63.9183714016167,0,"group"
"data49","V3","~","V8lag",-0.112725682843733,0.00229156568609085,-49.1915564663695,0,"group"
"data5","V1","~","V1lag",-0.875968368454406,0.0124960304284843,-70.0997307479075,0,"group"
"data5","V2","~","V2lag",0.699882059742959,0.00422584184238469,165.619558385556,0,"group"
"data5","V3","~","V3lag",0.975631996643284,0.0109801419145072,88.8542246757538,0,"group"
"data5","V4","~","V4lag",-0.846931047274067,0.00888969094771674,-95.2711463486361,0,"group"
"data5","V5","~","V5lag",-0.498120341487573,0.00711118891121299,-70.0474066582779,0,"group"
"data5","V6","~","V6lag",-0.589242393987677,0.00547904167397454,-107.544791416094,0,"group"
"data5","V7","~","V7lag",-0.682989145622013,0.00917613583312367,-74.4310195536322,0,"group"
"data5","V8","~","V8lag",-0.609401614809924,0.00889105318139587,-68.540993105864,0,"group"
"data5","V3","~","V4lag",-0.869558942334482,0.0109178350596382,-79.6457299074915,0,"group"
"data5","V1","~","V2lag",1.3217561470642,0.0121347503432607,108.923225420807,0,"group"
"data5","V2","~","V3lag",0.45874988960231,0.00428787465180923,106.987709962264,0,"group"
"data5","V4","~","V5lag",0.650662206922579,0.0089986990306496,72.3062527934784,0,"group"
"data5","V5","~","V2lag",1.38136545657562,0.0062188688511861,222.124873450606,0,"group"
"data5","V7","~","V5lag",0.93566116190221,0.00876976406787418,106.691714242321,0,"group"
"data5","V6","~","V7lag",0.543926928211978,0.00554918650650411,98.0192191367961,0,"group"
"data5","V4","~","V6lag",0.226903588544297,0.00341049253918987,66.5310320831828,0,"group"
"data5","V3","~","V8lag",-0.107241390322762,0.00217540805991734,-49.2971375342043,0,"group"
"data50","V1","~","V1lag",-0.886144411967549,0.0125944708171595,-70.3597971548126,0,"group"
"data50","V2","~","V2lag",0.69802293881334,0.00428174953359857,163.022832918181,0,"group"
"data50","V3","~","V3lag",0.974405061780986,0.011158417696969,87.3246627114222,0,"group"
"data50","V4","~","V4lag",-0.850341742706952,0.00873946365140329,-97.2990765366262,0,"group"
"data50","V5","~","V5lag",-0.502928912494347,0.00729477482598888,-68.9437199216317,0,"group"
"data50","V6","~","V6lag",-0.580217682749684,0.0054854424768008,-105.774089365363,0,"group"
"data50","V7","~","V7lag",-0.685030223259094,0.00900477753533156,-76.0740862915578,0,"group"
"data50","V8","~","V8lag",-0.632056176119923,0.00849326991755391,-74.4184727737886,0,"group"
"data50","V3","~","V4lag",-0.892470391871664,0.0111321811512783,-80.1703080235253,0,"group"
"data50","V1","~","V2lag",1.29170313768089,0.0122531563152736,105.417992266268,0,"group"
"data50","V2","~","V3lag",0.462236359656098,0.00435088185934077,106.239694526234,0,"group"
"data50","V4","~","V5lag",0.633215999343145,0.00880808634066281,71.8903033931314,0,"group"
"data50","V5","~","V2lag",1.37501305952252,0.00634267560694213,216.787542786763,0,"group"
"data50","V7","~","V5lag",0.898358743160906,0.00863193044113182,104.073908992612,0,"group"
"data50","V6","~","V7lag",0.544848181281509,0.00554097492532307,98.3307429873888,0,"group"
"data50","V4","~","V6lag",0.223575093845408,0.00343841231684128,65.0227701751594,0,"group"
"data50","V3","~","V8lag",-0.120021214391484,0.00235602913235724,-50.942160579908,0,"group"
"data51","V1","~","V1lag",-0.875520088228392,0.0124670185798652,-70.2269016942348,0,"group"
"data51","V2","~","V2lag",0.701305047101233,0.00427705411622512,163.96917786025,0,"group"
"data51","V3","~","V3lag",0.975076632196841,0.011268907613527,86.5280527303621,0,"group"
"data51","V4","~","V4lag",-0.852738114321785,0.00871933965559994,-97.7984741968526,0,"group"
"data51","V5","~","V5lag",-0.501341172801915,0.00714627683906192,-70.1541773559007,0,"group"
"data51","V6","~","V6lag",-0.585526785598647,0.00534445804885274,-109.557747529581,0,"group"
"data51","V7","~","V7lag",-0.689917501073241,0.00899832632074907,-76.6717583338107,0,"group"
"data51","V8","~","V8lag",-0.612805507789077,0.00883221243715761,-69.3830127104925,0,"group"
"data51","V3","~","V4lag",-0.902180980599309,0.0112150945078896,-80.4434576957548,0,"group"
"data51","V1","~","V2lag",1.29828743011662,0.0121239927314941,107.084147843813,0,"group"
"data51","V2","~","V3lag",0.460424117156583,0.00434299174590824,106.015425332174,0,"group"
"data51","V4","~","V5lag",0.628936495100167,0.00877798805381043,71.6492767186157,0,"group"
"data51","V5","~","V2lag",1.37753994975062,0.00624697604563228,220.513083400369,0,"group"
"data51","V7","~","V5lag",0.902282782391583,0.00867772152794055,103.976922915354,0,"group"
"data51","V6","~","V7lag",0.539167035977327,0.00541159578547848,99.6318012930921,0,"group"
"data51","V4","~","V6lag",0.225052661489972,0.00338580898922651,66.4693909804359,0,"group"
"data51","V3","~","V8lag",-0.11070864771528,0.00221452131437362,-49.99213464179,0,"group"
"data52","V1","~","V1lag",-0.879341657829122,0.0125261577670608,-70.2004297073017,0,"group"
"data52","V2","~","V2lag",0.700860765767673,0.00420517746494213,166.666156567858,0,"group"
"data52","V3","~","V3lag",0.976497489275836,0.0109283962220681,89.3541439597479,0,"group"
"data52","V4","~","V4lag",-0.849601313880102,0.00892940303663373,-95.1464852011418,0,"group"
"data52","V5","~","V5lag",-0.50954159787848,0.00714463655571209,-71.3180571055227,0,"group"
"data52","V6","~","V6lag",-0.58158652848618,0.00548366748410575,-106.05794938732,0,"group"
"data52","V7","~","V7lag",-0.678938821394189,0.0091654836603425,-74.0756130886843,0,"group"
"data52","V8","~","V8lag",-0.612601286838306,0.00883575217968822,-69.332103750778,0,"group"
"data52","V3","~","V4lag",-0.86836145644726,0.0109271699894281,-79.4681017397357,0,"group"
"data52","V1","~","V2lag",1.31463358246522,0.0121945399060902,107.805099051639,0,"group"
"data52","V2","~","V3lag",0.456974588448312,0.00426571606499429,107.127286834297,0,"group"
"data52","V4","~","V5lag",0.655613608242004,0.00903205427711756,72.5874300714713,0,"group"
"data52","V5","~","V2lag",1.39332476414066,0.00628232809655092,221.784781489782,0,"group"
"data52","V7","~","V5lag",0.941912817909865,0.00875108426310314,107.633841657909,0,"group"
"data52","V6","~","V7lag",0.552795332682444,0.00552773911692056,100.003875181143,0,"group"
"data52","V4","~","V6lag",0.218541229681962,0.0033495288169126,65.2453648341501,0,"group"
"data52","V3","~","V8lag",-0.108625331915486,0.00215405552380618,-50.4282878110527,0,"group"
"data53","V1","~","V1lag",-0.876917856805364,0.0124369570143665,-70.5090365587336,0,"group"
"data53","V2","~","V2lag",0.697021943689707,0.0042493112475889,164.031746105961,0,"group"
"data53","V3","~","V3lag",0.977180544126897,0.0110939467658866,88.0823177493229,0,"group"
"data53","V4","~","V4lag",-0.858573450487454,0.00883802110011831,-97.145440224844,0,"group"
"data53","V5","~","V5lag",-0.48478681184015,0.00728609503047584,-66.5358892263157,0,"group"
"data53","V6","~","V6lag",-0.581567823069997,0.00559670981325077,-103.912449005857,0,"group"
"data53","V7","~","V7lag",-0.680254902915262,0.00919368864774627,-73.9915097170513,0,"group"
"data53","V8","~","V8lag",-0.625039270833397,0.00861802933525349,-72.5269370198788,0,"group"
"data53","V3","~","V4lag",-0.885110284465193,0.0110908227898461,-79.8056466356611,0,"group"
"data53","V1","~","V2lag",1.26892787008309,0.0121169980423364,104.722957423075,0,"group"
"data53","V2","~","V3lag",0.460460864336314,0.00431920581541284,106.607761707762,0,"group"
"data53","V4","~","V5lag",0.644309547140468,0.00891550320846917,72.2684443126457,0,"group"
"data53","V5","~","V2lag",1.3666859485691,0.0062855379171753,217.433410883517,0,"group"
"data53","V7","~","V5lag",0.93297015125564,0.00874115825734423,106.733012238026,0,"group"
"data53","V6","~","V7lag",0.54646446218474,0.00565535520969068,96.6277876318627,0,"group"
"data53","V4","~","V6lag",0.212762968795032,0.00339180449489054,62.7285473309388,0,"group"
"data53","V3","~","V8lag",-0.113353888941673,0.0023048163589794,-49.1813104762357,0,"group"
"data54","V1","~","V1lag",-0.877800949133373,0.0124893071265775,-70.2841991342656,0,"group"
"data54","V2","~","V2lag",0.699325081627648,0.00423795539457237,165.014733879287,0,"group"
"data54","V3","~","V3lag",0.976708307788237,0.0111301191422673,87.7536255725358,0,"group"
"data54","V4","~","V4lag",-0.852359520510218,0.00875321908098071,-97.3766922345464,0,"group"
"data54","V5","~","V5lag",-0.500381153275173,0.00724933854352243,-69.0243875728887,0,"group"
"data54","V6","~","V6lag",-0.582727007000331,0.00545147218720839,-106.893511878804,0,"group"
"data54","V7","~","V7lag",-0.68135906323962,0.00912171167516458,-74.6964043047684,0,"group"
"data54","V8","~","V8lag",-0.592046730107462,0.00918596063858039,-64.4512591988373,0,"group"
"data54","V3","~","V4lag",-0.889381303928081,0.0111207933854844,-79.9746270881141,0,"group"
"data54","V1","~","V2lag",1.29573711301248,0.0121588348524544,106.567539467066,0,"group"
"data54","V2","~","V3lag",0.459965425447356,0.00430006695428444,106.967038033922,0,"group"
"data54","V4","~","V5lag",0.637619339788685,0.00883541985813638,72.1662750640551,0,"group"
"data54","V5","~","V2lag",1.38050327403081,0.00631337446629475,218.663296688785,0,"group"
"data54","V7","~","V5lag",0.930383378587501,0.00872705137045177,106.609132809463,0,"group"
"data54","V6","~","V7lag",0.54519922523321,0.00550892564030665,98.9665246603078,0,"group"
"data54","V4","~","V6lag",0.221718106514037,0.00330374171254166,67.1112108045103,0,"group"
"data54","V3","~","V8lag",-0.109183747234062,0.00220843449596121,-49.4394320654463,0,"group"
"data55","V1","~","V1lag",-0.882872608368407,0.0124878171768354,-70.6987134633995,0,"group"
"data55","V2","~","V2lag",0.69863511437356,0.00434086273998442,160.943839098692,0,"group"
"data55","V3","~","V3lag",0.976107294830417,0.0114565605682451,85.2007274797601,0,"group"
"data55","V4","~","V4lag",-0.859011190051155,0.00861265859061014,-99.7382145145848,0,"group"
"data55","V5","~","V5lag",-0.493588936244148,0.00740742212559521,-66.6343739934339,0,"group"
"data55","V6","~","V6lag",-0.592414492949885,0.00544143150318206,-108.87107420234,0,"group"
"data55","V7","~","V7lag",-0.679487156714228,0.00886957552821256,-76.6087570428707,0,"group"
"data55","V8","~","V8lag",-0.598687659538325,0.00907412013107108,-65.9774888243251,0,"group"
"data55","V3","~","V4lag",-0.924719240771163,0.0114279607804904,-80.9172571146575,0,"group"
"data55","V1","~","V2lag",1.25611039193807,0.0121612124387049,103.288253393248,0,"group"
"data55","V2","~","V3lag",0.465404196602413,0.00441235439652054,105.477519432577,0,"group"
"data55","V4","~","V5lag",0.617241984381264,0.00864315450832411,71.4139708814421,0,"group"
"data55","V5","~","V2lag",1.36065188758817,0.00636889550216044,213.640165257322,0,"group"
"data55","V7","~","V5lag",0.885448445361356,0.00851067310186139,104.039766862588,0,"group"
"data55","V6","~","V7lag",0.526898425227208,0.00554462799573289,95.0286341360873,0,"group"
"data55","V4","~","V6lag",0.216580936136818,0.00346459383707616,62.5126483280923,0,"group"
"data55","V3","~","V8lag",-0.117413960015313,0.00238629092936092,-49.2035395058717,0,"group"
"data56","V1","~","V1lag",-0.870973076143487,0.0123980739672768,-70.2506759067831,0,"group"
"data56","V2","~","V2lag",0.700284316299698,0.00433148571221948,161.673006175257,0,"group"
"data56","V3","~","V3lag",0.975292805863782,0.0115204957660266,84.657190599373,0,"group"
"data56","V4","~","V4lag",-0.848774747379977,0.00841330203856523,-100.884853947871,0,"group"
"data56","V5","~","V5lag",-0.508457462198877,0.00730215813547489,-69.6311217540909,0,"group"
"data56","V6","~","V6lag",-0.587268063504546,0.00531891431283084,-110.411266090126,0,"group"
"data56","V7","~","V7lag",-0.686633292745145,0.00888685684649315,-77.2639083317853,0,"group"
"data56","V8","~","V8lag",-0.610833569659289,0.00886634019526884,-68.8935407627643,0,"group"
"data56","V3","~","V4lag",-0.931983585076931,0.0114846135032709,-81.1506268636292,0,"group"
"data56","V1","~","V2lag",1.29001821174389,0.0120599573921252,106.9670621379,0,"group"
"data56","V2","~","V3lag",0.465033469129256,0.0043970730792632,105.75977718505,0,"group"
"data56","V4","~","V5lag",0.601030607801554,0.00842630178147662,71.3279233747346,0,"group"
"data56","V5","~","V2lag",1.37633560652367,0.00636762022169274,216.14599467394,0,"group"
"data56","V7","~","V5lag",0.889454294836854,0.00857862626002543,103.682602304465,0,"group"
"data56","V6","~","V7lag",0.531928808098797,0.00539912929175625,98.5212206181062,0,"group"
"data56","V4","~","V6lag",0.220659895587502,0.00340345777497582,64.8340335554979,0,"group"
"data56","V3","~","V8lag",-0.114515904506192,0.00227574704229474,-50.3201376857425,0,"group"
"data57","V1","~","V1lag",-0.877384409584096,0.0125060729757094,-70.1566679874846,0,"group"
"data57","V2","~","V2lag",0.698908814028311,0.00424626553008922,164.593761053286,0,"group"
"data57","V3","~","V3lag",0.977784828466326,0.0110587019517451,88.4176852521133,0,"group"
"data57","V4","~","V4lag",-0.854447542033993,0.00893232362680696,-95.6579248281706,0,"group"
"data57","V5","~","V5lag",-0.497619498815518,0.0072647510328488,-68.4978048890385,0,"group"
"data57","V6","~","V6lag",-0.592707543177213,0.00552143768394175,-107.346596503482,0,"group"
"data57","V7","~","V7lag",-0.683086661032402,0.00919311890862932,-74.3041254901216,0,"group"
"data57","V8","~","V8lag",-0.624016389196286,0.00863609976174262,-72.256737000728,0,"group"
"data57","V3","~","V4lag",-0.875711908118789,0.01098513313019,-79.7179149073854,0,"group"
"data57","V1","~","V2lag",1.30420889794331,0.0121370979821281,107.456403488195,0,"group"
"data57","V2","~","V3lag",0.45898686879432,0.00431609712883401,106.343035175929,0,"group"
"data57","V4","~","V5lag",0.650916988461537,0.00901697276568936,72.187973211847,0,"group"
"data57","V5","~","V2lag",1.37961030769889,0.00631680835901969,218.403065169606,0,"group"
"data57","V7","~","V5lag",0.933979149298796,0.00876891582865553,106.510219455715,0,"group"
"data57","V6","~","V7lag",0.538747958060239,0.00560813274195039,96.0654789838077,0,"group"
"data57","V4","~","V6lag",0.217323141232815,0.00347949077602149,62.4583179614881,0,"group"
"data57","V3","~","V8lag",-0.114096458707798,0.00230166552633737,-49.5712593346955,0,"group"
"data58","V1","~","V1lag",-0.875956125836973,0.0125046521127813,-70.0504194708175,0,"group"
"data58","V2","~","V2lag",0.698325506160499,0.00420111942433946,166.223674127116,0,"group"
"data58","V3","~","V3lag",0.976656471571062,0.0108684032528707,89.8620016986481,0,"group"
"data58","V4","~","V4lag",-0.854137265982292,0.0090005467738182,-94.898375337252,0,"group"
"data58","V5","~","V5lag",-0.494757659823107,0.0071464924395243,-69.230837926422,0,"group"
"data58","V6","~","V6lag",-0.57874261715757,0.00556189518051424,-104.054930626014,0,"group"
"data58","V7","~","V7lag",-0.682791893751312,0.00927326663215309,-73.6301371281481,0,"group"
"data58","V8","~","V8lag",-0.6033685699293,0.00899453761205905,-67.0816662237711,0,"group"
"data58","V3","~","V4lag",-0.859750590006485,0.0108520800197412,-79.2244978329035,0,"group"
"data58","V1","~","V2lag",1.3292761955522,0.0121264248521747,109.618144816509,0,"group"
"data58","V2","~","V3lag",0.457269602738376,0.00426667435358134,107.172370057855,0,"group"
"data58","V4","~","V5lag",0.660756261867427,0.00909856028025943,72.6220678342954,0,"group"
"data58","V5","~","V2lag",1.38318896963202,0.00623954217805159,221.681163483046,0,"group"
"data58","V7","~","V5lag",0.948134287844494,0.00882559820350648,107.430030914822,0,"group"
"data58","V6","~","V7lag",0.553195889663065,0.00560313496441602,98.7297099170841,0,"group"
"data58","V4","~","V6lag",0.216527249770462,0.00338768943699941,63.9159089985084,0,"group"
"data58","V3","~","V8lag",-0.111494374492659,0.00223183772829018,-49.956308686508,0,"group"
"data59","V1","~","V1lag",-0.880213266290271,0.0123868260693158,-71.0604364156451,0,"group"
"data59","V2","~","V2lag",0.698535324506138,0.00441491830507256,158.221574270933,0,"group"
"data59","V3","~","V3lag",0.975706081367965,0.0119039169564816,81.9651283636268,0,"group"
"data59","V4","~","V4lag",-0.850364098412569,0.00816824566076161,-104.106087614079,0,"group"
"data59","V5","~","V5lag",-0.501233450724632,0.00735409827462789,-68.1570237446947,0,"group"
"data59","V6","~","V6lag",-0.592053816798535,0.00526887145304349,-112.368240917425,0,"group"
"data59","V7","~","V7lag",-0.677222578396362,0.00858459333227092,-78.8881374089753,0,"group"
"data59","V8","~","V8lag",-0.610050581246811,0.00887986066198097,-68.7004677740876,0,"group"
"data59","V3","~","V4lag",-0.974964988127595,0.0118454351552197,-82.3072327315874,0,"group"
"data59","V1","~","V2lag",1.23086147855316,0.0120900099199749,101.808144633492,0,"group"
"data59","V2","~","V3lag",0.471146002727527,0.00448455832127242,105.059622146657,0,"group"
"data59","V4","~","V5lag",0.574901841845604,0.00813572110358816,70.6639072954517,0,"group"
"data59","V5","~","V2lag",1.35579641099809,0.00636423056470142,213.033829810924,0,"group"
"data59","V7","~","V5lag",0.851615879738369,0.00829755960195809,102.634499851908,0,"group"
"data59","V6","~","V7lag",0.522168020323767,0.00536887803679995,97.2583129556428,0,"group"
"data59","V4","~","V6lag",0.224226319783203,0.00341268623054992,65.7037608016693,0,"group"
"data59","V3","~","V8lag",-0.12080102140608,0.00240005501666233,-50.3326051142252,0,"group"
"data6","V1","~","V1lag",-0.877637715918415,0.0125058408361687,-70.1782253121406,0,"group"
"data6","V2","~","V2lag",0.698436637312817,0.00421504520713184,165.700865113158,0,"group"
"data6","V3","~","V3lag",0.975736384668169,0.0108849009709218,89.6412734736654,0,"group"
"data6","V4","~","V4lag",-0.853882580055163,0.00902456736274079,-94.617564004291,0,"group"
"data6","V5","~","V5lag",-0.48698147660224,0.00718149242153032,-67.8106231989128,0,"group"
"data6","V6","~","V6lag",-0.595982970699594,0.00556400084617924,-107.114104971578,0,"group"
"data6","V7","~","V7lag",-0.678749667219704,0.00918626103362381,-73.8874787832966,0,"group"
"data6","V8","~","V8lag",-0.628889510848507,0.00854974534818536,-73.5565195496713,0,"group"
"data6","V3","~","V4lag",-0.864450639367412,0.0108916936431563,-79.3678804866662,0,"group"
"data6","V1","~","V2lag",1.30511774003335,0.0121486494608085,107.429039272526,0,"group"
"data6","V2","~","V3lag",0.457706456272592,0.00428248899247547,106.878606594624,0,"group"
"data6","V4","~","V5lag",0.661150655767333,0.00912016743339713,72.4932585498669,0,"group"
"data6","V5","~","V2lag",1.37284250696767,0.00623148984040584,220.30726874751,0,"group"
"data6","V7","~","V5lag",0.937635788938959,0.00873985067072258,107.282815721317,0,"group"
"data6","V6","~","V7lag",0.537220333318737,0.00566097098991496,94.8989730340956,0,"group"
"data6","V4","~","V6lag",0.217501438892801,0.00348384764843264,62.4313864559071,0,"group"
"data6","V3","~","V8lag",-0.110936410977216,0.00225523282722264,-49.1906687585049,0,"group"
"data60","V1","~","V1lag",-0.879762734236853,0.012400087995427,-70.9481041232366,0,"group"
"data60","V2","~","V2lag",0.698970905007436,0.00434514348696165,160.862560029334,0,"group"
"data60","V3","~","V3lag",0.976336165830275,0.0115456917951153,84.5628120996037,0,"group"
"data60","V4","~","V4lag",-0.856044451788411,0.00855872956308268,-100.020037492583,0,"group"
"data60","V5","~","V5lag",-0.496441298624992,0.00744798124975594,-66.6544774990216,0,"group"
"data60","V6","~","V6lag",-0.584898062177404,0.00547943732918993,-106.744183214132,0,"group"
"data60","V7","~","V7lag",-0.688426916727287,0.00890327851824724,-77.3228553185614,0,"group"
"data60","V8","~","V8lag",-0.612489545926895,0.00883768777730115,-69.3042752087285,0,"group"
"data60","V3","~","V4lag",-0.929260094796648,0.0114685476698918,-81.0268328252423,0,"group"
"data60","V1","~","V2lag",1.23713986773216,0.0120950783141307,102.28456861555,0,"group"
"data60","V2","~","V3lag",0.464022035957718,0.00442271194379953,104.917987391935,0,"group"
"data60","V4","~","V5lag",0.612656199047169,0.00860146288133249,71.2269770269891,0,"group"
"data60","V5","~","V2lag",1.35994736488643,0.00640124990655485,212.450284669225,0,"group"
"data60","V7","~","V5lag",0.878326989179326,0.00856964439516414,102.492816350112,0,"group"
"data60","V6","~","V7lag",0.529856767008089,0.00556784373098839,95.1637281159883,0,"group"
"data60","V4","~","V6lag",0.222679524067408,0.00352729991375465,63.1303063283824,0,"group"
"data60","V3","~","V8lag",-0.125359918505838,0.00248699779086375,-50.4061237876289,0,"group"
"data7","V1","~","V1lag",-0.881087099607223,0.0124568698068672,-70.7310193706526,0,"group"
"data7","V2","~","V2lag",0.697614873812458,0.00428478054133457,162.812276400782,0,"group"
"data7","V3","~","V3lag",0.9744388307428,0.0112879878811252,86.3252903001581,0,"group"
"data7","V4","~","V4lag",-0.856521625265035,0.00869384574285434,-98.5204535022983,0,"group"
"data7","V5","~","V5lag",-0.495968474662726,0.00729916710278199,-67.9486395747391,0,"group"
"data7","V6","~","V6lag",-0.591655147363438,0.00544188364464078,-108.722491328183,0,"group"
"data7","V7","~","V7lag",-0.681290794280264,0.00900521589901426,-75.6551316393026,0,"group"
"data7","V8","~","V8lag",-0.614571280122058,0.0088015587303013,-69.8252774257202,0,"group"
"data7","V3","~","V4lag",-0.908088339920202,0.0112881257813163,-80.4463342730673,0,"group"
"data7","V1","~","V2lag",1.25509761412289,0.0121519394379021,103.283728538691,0,"group"
"data7","V2","~","V3lag",0.46237933785675,0.00435533279404678,106.163951119594,0,"group"
"data7","V4","~","V5lag",0.626195601737924,0.00874040377575764,71.6437841778819,0,"group"
"data7","V5","~","V2lag",1.36774861636624,0.00631713050336601,216.514225190923,0,"group"
"data7","V7","~","V5lag",0.908413927368701,0.00863027099054656,105.259027018243,0,"group"
"data7","V6","~","V7lag",0.532870825776969,0.00553329417271875,96.3026380206253,0,"group"
"data7","V4","~","V6lag",0.216588626041492,0.00346617423740543,62.4863642756799,0,"group"
"data7","V3","~","V8lag",-0.117771693963493,0.00234666320184937,-50.1868755050484,0,"group"
"data8","V1","~","V1lag",-0.86683822439426,0.0122920029765397,-70.5205023175388,0,"group"
"data8","V2","~","V2lag",0.699350235406675,0.00435055164694497,160.749783512574,0,"group"
"data8","V3","~","V3lag",0.971173389403147,0.0114170058862421,85.0637548127608,0,"group"
"data8","V4","~","V4lag",-0.848512497117705,0.00846422103684195,-100.246968199957,0,"group"
"data8","V5","~","V5lag",-0.495287712424998,0.00736054843940367,-67.2895119843984,0,"group"
"data8","V6","~","V6lag",-0.592593217415586,0.00549880824842767,-107.76757265268,0,"group"
"data8","V7","~","V7lag",-0.677057803927713,0.0089147962197506,-75.9476478472611,0,"group"
"data8","V8","~","V8lag",-0.641915684686895,0.00831561753634705,-77.1939885259419,0,"group"
"data8","V3","~","V4lag",-0.924865681625988,0.0114090469990006,-81.0642362773159,0,"group"
"data8","V1","~","V2lag",1.25690302316985,0.0119690875468991,105.012434594105,0,"group"
"data8","V2","~","V3lag",0.465302311323437,0.00442332186156794,105.192958117341,0,"group"
"data8","V4","~","V5lag",0.60794224046107,0.00850161140084971,71.5090600824578,0,"group"
"data8","V5","~","V2lag",1.36337518632537,0.00634814782776819,214.767397249583,0,"group"
"data8","V7","~","V5lag",0.894852620241508,0.00853236778053262,104.8774083887,0,"group"
"data8","V6","~","V7lag",0.531081349804727,0.00559820685319208,94.8663319759087,0,"group"
"data8","V4","~","V6lag",0.221434461202892,0.00344773841265843,64.2260040349615,0,"group"
"data8","V3","~","V8lag",-0.125694190386115,0.00246612243186848,-50.968349649568,0,"group"
"data9","V1","~","V1lag",-0.879244949411226,0.0125365613765086,-70.1344589640649,0,"group"
"data9","V2","~","V2lag",0.699179809952334,0.0041619727892793,167.992402966528,0,"group"
"data9","V3","~","V3lag",0.976969791290596,0.0107803235520398,90.6252754450712,0,"group"
"data9","V4","~","V4lag",-0.85256735370277,0.00906092588241823,-94.0927411576214,0,"group"
"data9","V5","~","V5lag",-0.4902318530212,0.00700367598329125,-69.9963639367028,0,"group"
"data9","V6","~","V6lag",-0.590859012589514,0.00544356848252015,-108.542588283186,0,"group"
"data9","V7","~","V7lag",-0.681676017734335,0.00924609724837665,-73.7258109473181,0,"group"
"data9","V8","~","V8lag",-0.61817739821969,0.00873868564109034,-70.7403176643575,0,"group"
"data9","V3","~","V4lag",-0.853912799887703,0.0108021943170232,-79.0499388204874,0,"group"
"data9","V1","~","V2lag",1.3316719153073,0.0121925610565434,109.220032537186,0,"group"
"data9","V2","~","V3lag",0.455273453483246,0.0042220368201227,107.832658235798,0,"group"
"data9","V4","~","V5lag",0.664114195941925,0.00916093020097824,72.4941879669608,0,"group"
"data9","V5","~","V2lag",1.38196892286055,0.00613309955766797,225.329608604303,0,"group"
"data9","V7","~","V5lag",0.948486024979424,0.00881177134310224,107.638519889862,0,"group"
"data9","V6","~","V7lag",0.54637814509109,0.00551004992066779,99.1602894633797,0,"group"
"data9","V4","~","V6lag",0.220261798765141,0.00342506169760246,64.3088557847947,0,"group"
"data9","V3","~","V8lag",-0.105438525204643,0.00213007298826756,-49.4999588208469,0,"group"
